Township,Area,State,Median_PSF,Freehold,Leasehold,Terrace House,Cluster House,Semi D,Bungalow,Service Residence,Flat,Town House,Apartment,Condominium,Price
Nusa Perdana Apartment,Iskandar Puteri (Nusajaya),Johor,386,1,0,0,0,0,0,1,0,0,0,0,360000
TAMAN BAHAU,Bahau,Negeri Sembilan,155,1,0,1,0,0,0,0,0,0,0,0,183000
Apartment Harmoni,Damansara Damai,Selangor,205,0,1,0,0,0,0,0,1,0,0,0,133000
TAMAN BAKRI JAYA,Bakri,Johor,238,1,0,1,0,0,0,0,0,0,0,0,610000
Seri Baiduri,Setia Alam,Selangor,386,1,0,0,0,0,0,0,0,0,1,0,357500
TAMAN ANGKASA NURI,Durian Tunggal,Melaka,213,0,1,1,0,0,0,0,0,0,0,0,280000
OSKAR RESIDENCE @SEREMBAN FOREST HEIGHTS,Ampangan,Negeri Sembilan,454,1,0,1,0,0,0,0,0,0,0,0,669000
TAMAN MAWAR,Tanjong Duabelas,Selangor,219,1,0,1,0,0,0,0,0,0,0,0,390000
TAMAN DESA RHU,Sikamat,Negeri Sembilan,210,0,1,1,0,0,0,0,0,0,0,0,237500
SEMENYIH PARKLANDS,Beranang,Selangor,357,1,0,1,0,0,0,0,0,0,0,0,465000
TAMAN BUKIT SUBANG,Shah Alam,Selangor,415,1,0,1,0,0,0,0,0,0,0,0,590000
TAMAN ASA JAYA,Kajang,Selangor,389,1,0,1,0,0,0,0,0,0,0,0,485000
Menara Menjalara,Bandar Menjalara,Kuala Lumpur,400,1,0,0,0,0,0,0,0,0,0,1,430000
TAMAN SRI BUNUT,Tanjong Duabelas,Selangor,328,1,0,1,0,0,0,0,0,0,0,0,669000
TAMAN TERATAI,Kulai,Johor,273,1,0,1,0,0,0,0,0,0,0,0,330000
TAMAN LAKE VIEW,Taiping,Perak,193,1,0,1,0,1,0,0,0,0,0,0,405000
TAMAN EMAS BIDOR,Bidor,Perak,75,0,1,1,0,0,0,0,0,0,0,0,90000
Taman Sri Tanjung,Semenyih,Selangor,302,1,0,0,0,0,0,0,0,0,1,0,296400
TAMAN PUTERA/SURIA,Johor Bahru,Johor,343,1,0,1,0,0,0,0,0,0,0,0,625000
Pandan Residence,Tebrau,Johor,423,0,1,0,0,0,0,1,0,0,0,0,390000
TAMAN BUNGA RAYA,Sungai Petani,Kedah,131,1,0,1,0,1,0,0,0,0,0,0,230000
Pangsapuri Permai Puteri,Ampang,Selangor,372,0,1,0,0,0,0,0,0,0,1,0,320000
Pauh Damai,Bukit Mertajam,Penang,315,1,0,0,0,0,0,0,1,0,0,0,200000
Grandeur Tower,Ampang,Selangor,322,0,1,0,0,0,0,0,0,0,1,0,305000
TAMAN JUJUR,Sikamat,Negeri Sembilan,129,1,0,0,1,0,0,0,0,0,0,0,143000
LAMAN PERMATA,Tebrau,Johor,563,1,0,1,0,0,0,0,0,0,0,0,788800
Pelangi Utama,Bandar Utama,Selangor,460,0,1,0,0,0,0,0,0,0,0,1,480000
D'Cassia,Semenyih,Selangor,306,1,0,0,0,0,0,0,0,0,1,0,260000
BERJAYA PERMAI,Kuantan,Pahang,96,0,1,1,0,1,0,0,0,0,0,0,200000
TAMAN DARULAMAN PERDANA,Sungai Petani,Kedah,186,1,0,1,0,1,0,0,0,0,0,0,380000
TAMAN PINJI MEWAH,Ipoh,Perak,171,0,1,1,0,1,0,0,0,0,0,0,285000
Lake View Suites,Tebrau,Johor,359,1,0,0,0,0,0,0,0,0,1,0,293000
Almyra Residences,Bangi,Selangor,471,1,0,0,0,0,0,0,0,0,0,1,450400
TAMAN TOK MUDA,Kapar,Selangor,300,1,0,1,0,0,0,0,0,0,0,0,397000
SEKSYEN 15 BANDAR BARU BANGI,Bangi,Selangor,406,0,1,1,0,0,0,0,0,0,0,0,550000
Ridzuan Condominium,Bandar Sunway,Selangor,420,0,1,0,0,0,0,0,0,0,0,1,500000
TAMAN MEGA RIA 2,Tangkak,Johor,104,1,0,1,0,0,0,0,0,0,0,0,100000
BANDAR SULTAN SULAIMAN,Kapar,Selangor,251,0,1,1,0,0,0,0,0,0,0,0,260000
Taman Orkid,Cheras,Selangor,218,1,0,0,0,0,0,0,1,0,0,0,165000
Centrio Avenue,Gelugor,Penang,483,1,0,0,0,0,0,0,0,0,1,0,330000
KAMPUNG PADANG 1,Kuantan,Pahang,153,0,1,1,0,0,0,0,0,0,0,0,170000
Alpine Village,Tambun,Perak,287,0,1,0,0,0,0,0,0,0,1,0,250000
Kenanga Apartment,Serendah,Selangor,77,1,0,0,0,0,0,0,1,0,0,0,50000
BANDAR BUKIT PUCHONG,Puchong,Selangor,418,1,0,1,0,0,0,0,0,0,0,0,640000
TAMAN TANJUNG MINYAK PERDANA,Tanjong Minyak,Melaka,197,0,1,1,0,0,0,0,0,1,0,0,300000
Green Garden,Ayer Itam,Penang,335,1,0,0,0,0,0,0,1,0,0,0,180000
TAMAN RIA JAYA FASA 3,Sungai Petani,Kedah,158,1,0,1,0,0,0,0,0,0,0,0,250000
TAMAN PERMAI PUTEH,Tronoh,Perak,218,0,1,1,0,0,0,0,0,0,0,0,305000
TAMAN MELAKA BARU,Batu Berendam,Melaka,202,0,1,1,0,0,0,0,0,0,0,0,300000
ULU SUNGAI MERAH,Sibu,Sarawak,173,0,1,1,0,0,0,0,0,0,0,0,430000
SERENE HEIGHTS,Semenyih,Selangor,445,1,0,1,0,0,0,0,0,0,0,0,781800
TAMAN SRI BAYU,Sepang,Selangor,123,1,0,1,0,1,0,0,0,0,0,0,267000
TAMAN KRUBONG JAYA,Krubong,Melaka,223,0,1,1,0,0,0,0,0,0,0,0,290000
TAMAN DAHLIA,Tampoi,Johor,288,0,1,1,0,0,0,0,0,0,0,0,300000
BANDAR SIBU JAYA,Sibu,Sarawak,130,0,1,1,0,0,0,0,0,0,0,0,200000
TAMAN KULIM UTAMA,Kulim,Kedah,232,1,0,1,0,1,0,0,0,0,0,0,490000
Azuria Condominium,Tanjung Bungah,Penang,419,1,0,0,0,0,0,0,0,0,0,1,289000
"KEMUNING UTAMA, SEKSYEN 33",Shah Alam,Selangor,465,1,0,1,0,1,0,0,0,0,0,0,909000
TAMAN KULIM TECHNOCITY FASA 1,Kulim,Kedah,222,1,0,1,0,0,0,0,0,0,0,0,320000
Taman Lembah Maju,Ampang,Selangor,195,0,1,0,0,0,0,0,0,0,1,0,158000
DESA COALFIELDS,Ijok,Selangor,324,1,0,1,0,0,0,0,0,0,0,0,467500
SEKSYEN 7 SHAH ALAM,Shah Alam,Selangor,390,0,1,1,0,0,0,0,0,0,0,0,740000
BANDAR TUN HUSSEIN ONN,Cheras,Selangor,390,1,0,1,0,1,0,0,0,0,0,0,800000
TAMAN KULIM TECHNOCITY FASA 3,Kulim,Kedah,318,1,0,1,0,0,0,0,0,0,0,0,395000
Hillview Loft,Batu Pahat,Johor,303,1,0,0,0,0,0,0,0,0,0,1,320000
Bandar Sultan Suleiman,Port Klang,Selangor,203,0,1,0,0,0,0,0,1,0,0,0,155000
TAMAN BUKIT PERDANA,Batu Pahat,Johor,253,1,0,1,0,0,0,0,0,0,0,0,390000
USJ 6,Subang Jaya,Selangor,536,1,0,1,0,0,0,0,0,0,0,0,694000
TAMAN KERJASAMA,Bukit Baru,Melaka,245,1,0,1,0,0,0,0,0,0,0,0,380000
Taman Larkin Idaman Plot C,Johor Bahru,Johor,308,0,1,0,0,0,0,0,0,0,1,0,265000
Taman Pandan Jaya,Cheras,Selangor,313,0,1,0,0,0,0,0,1,0,0,0,185000
R.P.R RANGAU,Limbang,Sarawak,74,1,0,1,0,0,0,0,0,0,0,0,80000
D'aman Crimson,Ara Damansara,Selangor,420,1,0,0,0,0,0,0,0,0,0,1,443000
Petrie Condominium,Johor Bahru,Johor,279,1,0,0,0,0,0,0,0,0,0,1,499000
BANDAR AMANJAYA (ZON MAWAR),Sungai Petani,Kedah,168,1,0,1,0,0,1,0,0,0,0,0,240000
Villa Flora,Taman Tun Dr Ismail,Kuala Lumpur,600,1,0,0,0,0,0,0,0,0,0,1,830500
TAMAN PRIMA SAUJANA,Kajang,Selangor,354,1,0,1,0,0,1,0,0,0,0,0,525000
P/L143461 SERI MAHKOTA DAMAI FASA 6,Kuantan,Pahang,143,1,0,1,0,0,0,0,0,0,0,0,236000
TAMAN RAMBAI IDAMAN,Bukit Rambai,Melaka,164,1,1,1,0,0,0,0,0,0,0,0,295000
D'Inspire Residence (Inspira Bestari),Iskandar Puteri (Nusajaya),Johor,437,1,0,0,0,0,0,1,0,0,0,0,446150
Seri Semarak (Asia Heights),Ayer Itam,Penang,425,1,0,0,0,0,0,0,0,0,1,0,265000
TAMAN BUKIT PANCHOR,Nibong Tebal,Penang,299,1,0,1,0,0,0,0,0,0,0,0,374160
TAMAN PERMATA PENAWAR,Pengerang,Johor,272,0,1,1,0,0,0,0,0,0,0,0,386200
TAMAN GEMILANG,Kulai,Johor,290,1,0,1,0,0,0,0,0,0,0,0,488000
Prima Bayu Apartment,Klang,Selangor,321,1,0,0,0,0,0,0,0,0,1,0,370000
P/L : 10139,Kuantan,Pahang,183,1,0,1,0,0,0,0,0,0,0,0,350000
Sri Anggerik 2,Puchong,Selangor,458,1,0,0,0,0,0,0,0,0,1,0,380000
Beverly Hills 2,Kota Kinabalu,Sabah,372,0,1,0,0,0,0,0,0,0,1,0,300000
Taman Saujana Puchong,Puchong,Selangor,147,0,1,0,0,0,0,0,1,0,0,0,105000
Taman Perkasa,Hulu Langat,Selangor,299,1,0,0,0,0,0,0,1,0,0,0,225000
"TAMAN KELANA, RANTAU PANJANG",Kapar,Selangor,354,1,0,1,0,0,0,0,0,0,0,0,473000
Idaman Iris,Sungai Ara,Penang,453,1,0,0,0,0,0,0,0,0,1,0,400000
Savanna Executive Suite @ Southville City,Bangi,Selangor,376,1,0,0,0,0,0,1,0,0,0,0,360000
TAMAN CANNING,Ipoh,Perak,171,1,1,1,0,1,1,0,0,0,0,0,425000
TAMAN GADONG UTAMA,Bertam,Melaka,204,1,1,1,0,1,0,0,0,0,0,0,320000
TAMAN SENAWANG PERDANA,Rantau,Negeri Sembilan,172,1,0,0,0,0,1,0,0,0,0,0,715000
TAS,Kuantan,Pahang,158,1,0,1,0,0,0,0,0,0,0,0,185000
TAMAN SRI SERDANG,Kepala Batas,Penang,236,1,0,1,0,0,1,0,0,0,0,0,425000
Epic Residence,Johor Bahru,Johor,328,1,1,0,0,0,0,0,0,0,1,0,410000
Angsana,Subang Jaya,Selangor,321,0,1,0,0,0,0,0,1,0,0,0,211000
TAMAN KURAU MURNI (BATU KURAU),Batu Kurau,Perak,177,1,0,1,1,0,0,0,0,0,0,0,318800
Pangsapuri Cempaka,Puchong,Selangor,250,1,0,0,0,0,0,0,1,0,0,0,162500
Impiana,Iskandar Puteri (Nusajaya),Johor,415,1,0,0,0,0,0,0,0,0,1,0,460000
TAMAN PGBF HARMONI PASIR BESAR,Gemas,Negeri Sembilan,64,0,1,1,0,0,0,0,0,0,0,0,90000
TAMAN KIARA,Kuala Selangor,Selangor,258,1,0,1,0,0,0,0,0,0,0,0,308000
TAMAN SRI TEBRAU,Johor Bahru,Johor,336,1,0,1,0,0,0,0,0,0,0,0,680000
Jadite Suites,Kajang,Selangor,472,1,0,0,0,0,0,1,0,0,0,0,688800
One Imperial,Sungai Ara,Penang,494,1,0,0,0,0,0,0,0,0,0,1,575000
PKNS Seksyen 24,Shah Alam,Selangor,292,0,1,0,0,0,0,0,1,0,0,0,212000
TAMAN SATU KRUBONG,Krubong,Melaka,234,1,0,1,0,0,1,0,0,0,0,0,685000
TAMAN REDANG,Masai,Johor,393,1,1,1,0,0,0,0,0,0,0,0,780000
TAMAN TEMIANG JAYA,Muar,Johor,312,1,0,1,0,0,0,0,0,0,0,0,610000
SANCTUARY GARDEN,Bukit Mertajam,Penang,329,1,0,0,0,1,0,0,0,0,0,0,860000
TAMAN PAUH JAYA,Perai,Penang,400,1,0,1,0,0,0,0,0,0,0,0,590000
Gat Lebuh Macallum,Georgetown,Penang,342,0,1,0,0,0,0,0,1,0,0,0,175000
Endah Regal Condominium,Sri Petaling,Kuala Lumpur,482,0,1,0,0,0,0,0,0,0,0,1,550000
PANORAMA LAPANGAN SAUJANA (GREEN PARK),Ipoh,Perak,236,0,1,0,1,0,0,0,0,0,0,0,638800
Taman Mengkudu,Bukit Minyak,Penang,167,1,0,0,0,0,0,0,1,0,0,0,100000
Tanjong Puteri Apartment,Pasir Gudang,Johor,177,1,0,0,0,0,0,0,0,0,1,0,170000
TAMAN ANDALAS JAYA,Klang,Selangor,410,1,0,1,0,0,0,0,0,0,0,0,655000
Bahagia Residences,Miri,Sarawak,306,0,1,0,0,0,0,0,0,0,1,0,260000
TAMAN SELAYANG UTAMA,Selayang,Selangor,491,0,1,1,0,0,0,0,0,0,0,0,684000
The Regina,Subang Jaya,Selangor,446,0,1,0,0,0,0,0,0,0,0,1,545000
TAMAN MAJU,Batu Pahat,Johor,246,1,0,1,0,0,0,0,0,0,0,0,365000
TAMAN SEMARAK II,Nilai,Negeri Sembilan,195,1,0,1,0,0,0,0,0,0,0,0,300000
Delta Heights,Penampang,Sabah,375,0,1,0,0,0,0,0,0,0,1,0,350000
TAMAN MERU MAKMUR,Kapar,Selangor,232,1,0,1,0,1,0,0,0,0,0,0,543000
TAMAN BUKIT DAHLIA,Pasir Gudang,Johor,353,1,1,1,0,0,0,0,0,0,0,0,480000
Taman Pusat Kepong,Segambut,Kuala Lumpur,195,0,1,0,0,0,0,0,1,0,0,0,182500
TAMAN BUKIT RANGIN 3,Kuantan,Pahang,167,0,1,1,0,0,0,0,0,0,0,0,210000
TABUAN LARU,Kuching,Sarawak,250,1,1,1,0,1,0,0,0,0,0,0,509444
LAMAN SETIA,Skudai,Johor,426,1,0,1,0,0,0,0,0,0,0,0,650000
TAMAN GUNUNG PULAI,Kulai,Johor,307,1,0,1,0,0,0,0,0,0,0,0,318000
PRIMA SP BAIDURI (SP 1),Sungai Petani,Kedah,179,1,0,1,0,0,0,0,0,0,0,0,270000
Putra Majestik,Jalan Ipoh,Kuala Lumpur,494,1,0,0,0,0,0,1,0,0,0,0,500000
TAMAN SRI SERDANG,Seri Kembangan,Selangor,286,0,1,1,0,0,0,0,0,0,0,0,420000
TAMAN TASEK GELUGOR UTAMA (SCIENTEX),Tasek Gelugor,Penang,294,1,0,1,0,0,0,0,0,0,0,0,310000
ANDARI TOWNVILLA 1 & GARDENVILLE,Rawang,Selangor,250,0,1,0,0,0,0,0,0,1,0,0,310000
TAMAN UNIVERSITI INDAH,Seri Kembangan,Selangor,477,1,0,1,0,1,0,0,0,0,0,0,582500
The Heritage Residence,Seri Kembangan,Selangor,379,0,1,0,0,0,0,1,0,0,0,0,297500
TAMAN SRI NOVA UTAMA,Tampin,Negeri Sembilan,107,1,0,1,0,1,0,0,0,0,0,0,401900
TAMAN SRI RAMPAI,Wangsa Maju,Kuala Lumpur,566,1,0,1,0,0,0,0,0,0,0,0,505000
Suasana Lumayan,Cheras,Kuala Lumpur,407,0,1,0,0,0,0,0,0,0,0,1,487500
TAMAN SENIMAS,Kuala Pilah,Negeri Sembilan,127,1,0,1,0,0,1,0,0,0,0,0,199000
Taman Pelangi,Perai,Penang,168,0,1,0,0,0,0,0,1,0,0,0,100000
Idaman Seroja,Sungai Ara,Penang,383,1,0,0,0,0,0,0,0,0,1,0,249000
TAMAN NUSA DAMAI,Pasir Gudang,Johor,309,1,0,1,0,0,0,0,0,0,0,0,365000
Sutramas,Puchong,Selangor,376,1,0,0,0,0,0,0,0,0,1,0,320000
Costa Mahkota,Melaka City,Melaka,336,0,1,0,0,0,0,0,0,0,1,0,204500
TAMAN INDAH JAYA,Kluang,Johor,179,1,0,1,0,0,0,0,0,0,0,0,240000
Pelangi Indah Condominium,Jalan Kuching,Kuala Lumpur,293,1,0,0,0,0,0,0,0,0,0,1,295000
Bukit OUG Condominiums,Bukit Jalil,Kuala Lumpur,258,1,0,0,0,0,0,0,0,0,0,1,320000
Mawar Apartment,Genting Highlands,Pahang,650,1,0,0,0,0,0,0,0,0,1,0,550000
Venice Hill,Cheras,Selangor,162,1,0,0,0,0,0,0,0,0,0,1,250000
TAMAN PUTERA INDAH,Muar,Johor,259,1,0,1,0,1,0,0,0,0,0,0,560000
The Seed,Skudai,Johor,516,1,0,0,0,0,0,0,0,0,1,0,650000
Anjung Hijau (Greenfields),Bukit Jalil,Kuala Lumpur,429,1,0,0,0,0,0,0,0,0,1,0,425000
KAMPUNG TASIK TAMBAHAN,Ampang,Selangor,405,0,1,1,0,0,0,0,0,0,0,0,420000
SEKSYEN 17,Petaling Jaya,Selangor,464,1,0,1,0,1,1,0,0,0,0,0,948000
AMBER 1@BUKIT SENTOSA,Serendah,Selangor,332,1,0,1,0,0,0,0,0,0,0,0,430000
SEKSYEN 19 SHAH ALAM,Shah Alam,Selangor,321,0,1,1,0,0,0,0,0,0,0,0,450000
Idaman Sutera,Setapak,Kuala Lumpur,412,1,0,0,0,0,0,0,0,0,0,1,350000
Taman Permata,Bukit Mertajam,Penang,136,1,0,0,0,0,0,0,1,0,0,0,75000
TAMAN TEHEL IMPIAN (SAUJANA PERDANA),Bemban,Melaka,182,1,0,1,0,0,0,0,0,0,0,0,291230
7 Tree Seven Residence,Cheras,Selangor,403,1,0,0,0,0,0,0,0,0,0,1,400000
TAMAN DESA JAWI,Nibong Tebal,Penang,199,0,1,1,0,0,0,0,0,0,0,0,190000
TUNAS MAHKOTA,Kuantan,Pahang,160,1,1,1,0,0,0,0,0,0,0,0,195000
SEKSYEN 3 BANDAR BARU BANGI,Bangi,Selangor,357,0,1,1,0,0,0,0,0,0,0,0,590000
TAMAN SENAI UTAMA,Kulai,Johor,260,1,0,1,0,0,0,0,0,0,0,0,420000
SEKSYEN 14,Petaling Jaya,Selangor,333,0,1,1,0,0,0,0,0,0,0,0,715000
BANDAR PUTERI JAYA SEKSYEN 3,Sungai Petani,Kedah,118,1,0,1,0,1,0,0,0,0,0,0,370000
Seri Mutiara,Setia Alam,Selangor,348,1,0,0,0,0,0,0,0,0,1,0,330000
RESIDENSI VILLA MUTIARA,Sungai Bakap,Penang,345,1,0,1,0,1,0,0,0,0,0,0,560000
TAMAN CEMPAKA INDAH (PEC LOT 8029),Triang,Pahang,139,1,0,1,0,0,0,0,0,0,0,0,288000
Gravit8,Port Klang,Selangor,492,1,0,0,0,0,0,1,0,0,0,0,380000
SAMARIANG AMAN,Kuching,Sarawak,198,0,1,1,0,0,0,0,0,0,0,0,372500
TAMAN KLEMERU (P/L : 48396),Ipoh,Perak,229,0,1,1,0,0,0,0,0,0,0,0,403000
Cyber Heights Villa,Cyberjaya,Selangor,284,1,0,0,0,0,0,0,0,0,0,1,364315
"TAMAN PELANGI INDAH, SITIAWAN",Sitiawan,Perak,166,1,0,0,0,1,0,0,0,0,0,0,480000
SS5 PETALING JAYA,Petaling Jaya,Selangor,378,1,0,1,0,0,0,0,0,0,0,0,700000
TAMAN CEMPAKASARI,Kapar,Selangor,276,0,1,1,0,0,0,0,0,0,0,0,360000
Taman Sri Cahaya,Kuching,Sarawak,139,0,1,0,0,0,0,0,1,0,1,0,65500
Taman Impian Emas,Tebrau,Johor,77,1,0,0,0,0,0,0,1,0,0,0,53000
TAMAN NILAM,Kuah,Kedah,101,0,1,1,0,0,0,0,0,0,0,0,145000
MUTIARA RESIDENCE,Jitra,Kedah,267,1,0,1,0,1,0,0,0,0,0,0,410400
TAMAN SRI JAYA (SUNGAI PELIK),Sepang,Selangor,301,1,0,1,0,0,0,0,0,0,0,0,598000
"TAMAN SRI MEWAH, MERU",Kapar,Selangor,441,1,0,1,0,0,0,0,0,0,0,0,610000
Atmosfera Kondominium,Puchong,Selangor,406,1,0,0,0,0,0,0,0,0,0,1,580000
BANDAR SRI PUTRA,Bangi,Selangor,335,1,0,1,0,1,0,0,0,0,0,0,615000
TAMAN JASMIN,Kajang,Selangor,357,1,0,1,0,0,0,0,0,0,0,0,442000
TAMAN GADONG BAHAGIA,Balai Panjang,Melaka,203,1,0,1,0,0,0,0,0,0,0,0,312000
Taman Mawar,Sandakan,Sabah,228,0,1,0,0,0,0,0,1,0,0,0,125000
Seri Jati,Setia Alam,Selangor,397,1,0,0,0,0,0,0,0,0,1,0,325000
KAMPUNG BATU TIONG / BATU GEDUP,Dungun,Terengganu,98,1,0,0,0,1,0,0,0,0,0,0,350000
TAMAN PAYA RUMPUT PERDANA,Paya Rumput,Melaka,158,1,0,0,0,0,1,0,0,1,0,0,627500
Aman Heights Condominium,Seri Kembangan,Selangor,311,1,0,0,0,0,0,0,0,0,0,1,393500
DESA MAYANG SARI,Nilai,Negeri Sembilan,511,1,0,1,0,0,0,0,0,0,0,0,718000
SS4 PETALING JAYA,Petaling Jaya,Selangor,472,1,0,1,0,1,0,0,0,0,0,0,842500
BANDAR PUTERI JAYA SEKSYEN 2,Sungai Petani,Kedah,180,1,0,1,0,0,0,0,0,0,0,0,275000
Taman Seri Sari (Sunshine Garden),Bukit Jambul,Penang,371,1,0,0,0,0,0,0,0,0,1,0,260000
KEPONG BARU,Kepong,Kuala Lumpur,445,1,1,1,0,0,0,0,0,0,0,0,667500
BANDAR BARU PUTRA,Ipoh,Perak,159,1,1,1,0,0,0,0,0,0,0,0,212500
Widuri Apartment,Butterworth,Penang,294,1,0,0,0,0,0,0,0,0,1,0,220000
TAMAN SERI SEMENTA,Kapar,Selangor,246,0,1,1,0,0,0,0,0,0,0,0,332500
OFF JALAN TELOK GADONG,Klang,Selangor,302,1,0,1,0,0,0,0,0,0,0,0,600000
TAMAN BUKIT EMAS,Sungei Petai,Melaka,160,1,0,1,0,0,0,0,0,0,0,0,252500
TAMAN DESA CHEMOR IMPIAN,Chemor,Perak,244,0,1,1,0,0,0,0,0,0,0,0,342240
SRI AWANA,Skudai,Johor,274,1,0,0,0,0,0,0,0,1,0,0,280000
Skyvilla Residences,Kuching,Sarawak,400,0,1,0,0,0,0,0,0,0,0,1,450000
SEKSYEN 21-28 BANDAR KLANG,Klang,Selangor,347,1,0,1,0,1,0,0,0,0,0,0,625000
TANJUNG TEMASEK FASA 1,Ipoh,Perak,226,0,1,1,0,0,0,0,0,0,0,0,298800
LEISURE FARM,Gelang Patah,Johor,422,1,0,0,0,1,0,0,0,1,0,0,650000
REGENT PARK,Miri,Sarawak,233,0,1,1,0,0,0,0,0,0,0,0,338888
TAMAN MAYANG LESTARI,Jasin,Melaka,164,0,1,1,1,0,0,0,0,0,0,0,285000
Palm Court Condominium,Brickfields,Kuala Lumpur,388,0,1,0,0,0,0,0,0,0,0,1,367500
TAMAN BIDARA PALMA,Sungei Baru Tengah,Melaka,118,1,0,1,0,0,0,0,0,0,0,0,240000
TAMAN ENG ANN,Klang,Selangor,240,1,0,1,0,0,0,0,0,0,0,0,480000
E-RESIDENCE,Kuching,Sarawak,254,0,1,1,0,0,0,0,0,0,0,0,600000
TAMAN NESA,Skudai,Johor,292,1,1,1,0,0,0,0,0,0,0,0,380000
TAMAN DATO CHELLAM,Ulu Tiram,Johor,427,1,0,1,0,0,0,0,0,0,0,0,630000
TAMAN LIMBONGAN PERMAI,Klebang,Melaka,187,1,0,1,0,0,0,0,0,0,0,0,289000
Ladang Tok Pelam,Kuala Terengganu,Terengganu,276,0,1,0,0,0,0,0,0,0,1,0,232000
TAMAN BUKIT SERDANG SEKSYEN 2,Seri Kembangan,Selangor,340,1,0,0,0,0,0,0,0,1,0,0,455000
TAMAN IMPIAN PUTRA,Port Dickson,Negeri Sembilan,173,0,1,1,0,1,0,0,0,0,0,0,375000
Cyber City Apartment 1,Penampang,Sabah,480,1,0,0,0,0,0,0,0,0,1,0,240000
"P/L 2366, 2367, 3694, 3752 & 4169",Kuantan,Pahang,305,1,0,1,0,0,0,0,0,0,0,0,468880
LAMAN INDAH 1,Iskandar Puteri (Nusajaya),Johor,358,1,0,1,0,0,0,0,0,0,0,0,385000
TAMAN SERAI MERBAU,Bagan Serai,Perak,187,1,0,1,0,1,0,0,0,0,0,0,317800
SCIENTEX KUNDANG JAYA,Rawang,Selangor,403,1,0,1,0,0,0,0,0,0,0,0,504339
Seri Maya Condominium,Ulu Klang,Selangor,413,1,0,0,0,0,0,0,0,0,0,1,530000
BB SETIA AWAN PERDANA RESIDEN 7,Sitiawan,Perak,129,1,0,0,1,0,0,0,0,0,0,0,248000
TAMAN SERI IMPIAN,Bukit Mertajam,Penang,405,1,0,1,0,0,0,0,0,0,0,0,589000
TAMAN MAJU JASIN,Jasin,Melaka,144,0,1,1,1,0,0,0,0,0,0,0,220000
GREEN PAVILION RESIDENCE,Kulai,Johor,457,1,0,1,0,0,0,0,0,0,0,0,685000
Glory Beach Resort,Port Dickson,Negeri Sembilan,321,1,0,0,0,0,0,0,0,0,0,1,300000
TAMAN BUKIT PERMATA,Selayang,Selangor,56,1,0,1,0,0,0,0,0,0,0,0,310281
BUKIT SAUJANA,Ijok,Selangor,263,0,1,1,0,1,0,0,0,0,0,0,700000
Garden Plaza,Cyberjaya,Selangor,415,1,0,0,0,0,0,1,0,0,0,0,210000
D'Cerrum Apartment,Semenyih,Selangor,306,1,0,0,0,0,0,0,0,0,1,0,290000
Limau Manis,Bukit Mertajam,Penang,221,1,0,0,0,0,0,0,1,0,0,0,150000
Genting Court Condominium,Setapak,Kuala Lumpur,279,0,1,0,0,0,0,0,0,0,0,1,204500
TAMAN SENTORIA,Kota Samarahan,Sarawak,248,1,0,1,0,0,0,0,0,0,0,0,320000
TAMAN INTAN MAS I & III,Teluk Intan,Perak,255,1,1,1,0,0,0,0,0,0,0,0,476888
TAMAN DESA ANUGERAH,Sepang,Selangor,272,0,1,1,0,0,0,0,0,0,0,0,381000
Taman Bukit Erskine,Tanjong Tokong,Penang,410,1,0,0,0,0,0,0,0,0,1,0,268000
Delima Intan Apartment,Bukit Minyak,Penang,356,1,0,0,0,0,0,0,0,0,1,0,280000
GALENA VILLA @TAMAN BUKIT GALENA,Seremban,Negeri Sembilan,397,1,0,1,0,0,0,0,0,0,0,0,568000
TAMAN SRI RAMBAI,Bukit Mertajam,Penang,179,1,0,1,0,1,0,0,0,0,0,0,400000
BANDAR HILLPARK,Bandar Puncak Alam,Selangor,341,0,1,1,0,0,0,0,0,0,0,0,560000
Taman Suria,Penampang,Sabah,326,0,1,0,0,0,0,0,1,0,0,0,250000
TAMAN MANTAU INDAH,Seremban 2,Negeri Sembilan,200,1,0,1,0,0,0,0,0,0,0,0,300000
TAMAN BENDAHARA,Kuala Selangor,Selangor,215,1,0,1,0,1,0,0,0,0,0,0,450000
BANDAR TUN RAZAK,Cheras,Kuala Lumpur,298,0,1,1,1,0,0,0,0,0,0,0,335000
TAMAN KERAMAT PERMAI,Ulu Klang,Selangor,452,0,1,1,0,0,0,0,0,0,0,0,600000
TAMAN KOBENA,Tampoi,Johor,206,0,1,1,0,0,0,0,0,0,0,0,330000
TAMAN SERI KERAMAT,Ulu Klang,Selangor,359,0,1,1,0,0,0,0,0,0,0,0,640000
TAMAN IPOH,Ipoh,Perak,196,1,0,1,0,0,0,0,0,0,0,0,347500
Molek Pine 1,Johor Bahru,Johor,358,1,0,0,0,0,0,0,0,0,1,0,520000
TAMAN SINAR MENTARI,Bedong,Kedah,149,1,0,1,0,0,0,0,0,0,0,0,235000
SETAPAK JAYA,Setapak,Kuala Lumpur,385,0,1,0,1,0,0,0,0,0,0,0,240000
TAMAN PUSING PERMAI,Pusing,Perak,229,0,1,1,0,0,0,0,0,0,0,0,273800
BANDAR PUTERA 2,Klang,Selangor,344,0,1,1,0,0,0,0,0,0,0,0,411640
TAMAN DESA,Kluang,Johor,167,1,0,1,0,1,0,0,0,0,0,0,215000
TAMAN GAMELAN,Kuala Kedah,Kedah,148,1,0,1,0,1,0,0,0,0,0,0,350260
M RESIDENCE,Rawang,Selangor,360,1,0,1,0,0,0,0,0,0,0,0,623400
Bistari Lavender Condominium,City Centre,Kuala Lumpur,417,1,0,0,0,0,0,0,0,0,0,1,460000
Jasa,Skudai,Johor,244,0,1,0,0,0,0,0,1,0,0,0,150000
TAMAN ECO FLORA,Tebrau,Johor,523,1,0,1,0,0,0,0,0,0,0,0,880000
TAMAN GRANDVIEW,Sandakan,Sabah,208,0,1,1,0,0,0,0,0,0,0,0,430000
TAMAN TEHEL INDAH,Bemban,Melaka,337,1,0,1,0,0,0,0,0,0,0,0,497000
TAMAN SERI JAROMAS,Jenjarom,Selangor,272,1,0,1,0,1,0,0,0,0,0,0,790000
Green Acre,Bandar Sungai Long,Selangor,543,1,0,0,0,0,0,0,0,0,0,1,550000
MAHKOTA IMPIAN (P/L 164414),Kuantan,Pahang,169,1,0,1,0,0,0,0,0,0,0,0,314500
Pangsapuri Baiduri,Beranang,Selangor,170,1,0,0,0,0,0,0,1,0,0,0,119000
TAMAN PERPADUAN KOPERASI,Tambun,Perak,216,0,1,1,0,0,0,0,0,0,0,0,342500
P/L 3214 JALAN KEBUN,Klang,Selangor,248,1,0,0,0,1,0,0,0,0,0,0,599800
TAMAN SEJAHTERA (SPT),Bukit Mertajam,Penang,297,1,0,1,0,0,0,0,0,0,0,0,350000
TAMAN BAYU PELANGI,Sungai Lalang,Kedah,188,1,0,1,0,1,0,0,0,0,0,0,269800
BUKIT BANYAN,Sungai Petani,Kedah,267,1,0,1,0,1,0,0,0,1,0,0,499900
Seri Kasturi Apartments,Setia Alam,Selangor,407,1,0,0,0,0,0,0,0,0,1,0,390000
SAUJANA IMPIAN,Kajang,Selangor,330,1,0,1,0,0,1,0,0,0,0,0,540000
TAMAN ANGSAMAS,Rasah,Negeri Sembilan,172,1,0,1,0,0,0,0,0,0,0,0,205000
PINGGIRAN PUTRA 4 (PL 3178),Kuantan,Pahang,157,1,0,1,0,0,0,0,0,0,0,0,335000
Desa Permai Indah Flat,Sungai Dua,Penang,328,0,1,0,0,0,0,0,1,0,0,0,180000
TAMAN NUSA PERINTIS II,Iskandar Puteri (Nusajaya),Johor,409,1,0,1,0,0,0,0,0,0,0,0,498500
TAMAN CEMPAKA,Banting,Selangor,227,1,0,1,0,0,0,0,0,0,0,0,450000
Rifle Range,Ayer Itam,Penang,188,0,1,0,0,0,0,0,1,0,0,0,72000
Pangsapuri Kasuarina,Klang,Selangor,420,1,0,0,0,0,0,0,0,0,1,0,380000
Kelana Puteri,Kelana Jaya,Selangor,349,0,1,0,0,0,0,0,0,0,0,1,380000
MATANG JAYA,Kuching,Sarawak,151,0,1,1,0,1,1,0,0,0,0,0,350000
Sri Saujana,Georgetown,Penang,402,0,1,0,0,0,0,0,0,0,1,0,260000
Taman Suria Jaya,Kuching,Sarawak,163,0,1,0,0,0,0,0,1,0,0,0,105000
Desa Dua,Kepong,Selangor,313,1,0,0,0,0,0,0,0,0,1,0,262500
BANDAR NUSAPUTRA,Puchong,Selangor,347,1,1,1,0,0,0,0,0,0,0,0,635000
TAMAN MENARA MAJU,Klang,Selangor,253,1,0,1,0,0,0,0,0,0,0,0,400000
TAMAN DESA ABLELINK,Klang,Selangor,398,1,0,1,0,0,0,0,0,0,0,0,445000
TAMAN PEREPAT INDAH,Kapar,Selangor,298,0,1,1,0,0,0,0,0,0,0,0,371159
TAMAN DESA CEMERLANG,Batu Pahat,Johor,260,1,0,1,0,0,0,0,0,0,0,0,439800
Taman Pandan Perdana,Ampang,Selangor,232,0,1,0,0,0,0,0,1,0,0,0,150000
TAMAN PIASAU,Miri,Sarawak,114,0,1,0,0,0,1,0,0,0,0,0,680000
Taman Tun Hussein Onn,Perai,Penang,195,1,0,0,0,0,0,0,1,0,0,0,110000
BANDAR MANJALARA,Bandar Menjalara,Kuala Lumpur,599,0,1,1,0,0,0,0,0,0,0,0,850000
Palmville Resort Condominium,Bandar Sunway,Selangor,469,0,1,0,0,0,0,0,0,0,0,1,692500
TAMAN SELAYANG MUTIARA,Selayang,Selangor,204,0,1,0,0,1,0,0,0,0,0,0,450000
DENAI ALAM,Shah Alam,Selangor,446,1,0,1,0,0,0,0,0,0,0,0,900000
TAMAN SEMENYIH MEWAH,Semenyih,Selangor,354,1,0,1,0,0,0,0,0,0,0,0,615000
PEKAN BARU,Parit Buntar,Perak,212,0,1,1,0,1,0,0,0,0,0,0,210000
CENTRAL CITY,Kota Samarahan,Sarawak,205,1,0,1,0,0,0,0,0,0,0,0,350000
BANDAR TIRAM,Ulu Tiram,Johor,393,1,0,1,0,0,0,0,0,0,0,0,580000
YARRA PARK (EASTFIELD),Sungai Petani,Kedah,207,1,0,1,0,0,0,0,0,0,0,0,405900
TAMAN MAWAR,Sandakan,Sabah,273,0,1,1,0,0,0,0,0,0,0,0,325000
CYBERIA SMART HOMES,Cyberjaya,Selangor,209,1,0,0,0,0,0,0,0,1,0,0,352500
ALAM PERDANA,Ijok,Selangor,189,0,1,1,0,0,0,0,0,0,0,0,310000
Taman Desa Ilmu,Kota Samarahan,Sarawak,259,0,1,0,0,0,0,0,1,0,1,0,170000
TAMAN JATI,Rawang,Selangor,293,0,1,1,0,0,0,0,0,0,0,0,300000
BANDAR BARU TAMBUN(TAMBUN PERMAI),Tambun,Perak,273,0,1,1,0,0,0,0,0,0,0,0,427500
Green Haven,Masai,Johor,530,1,0,0,0,0,0,1,0,0,0,0,631950
PUNCAK ISKANDAR,Seri Iskandar,Perak,245,0,1,1,0,0,0,0,0,0,0,0,343040
DESA PANTAI INDAH,Teluk Kumbar,Penang,536,1,0,1,0,0,0,0,0,0,0,0,750000
TAMAN SRI UNAS 2,Muar,Johor,155,1,0,0,0,1,1,0,0,0,0,0,394000
TAMAN SUTERA,Perling,Johor,306,1,0,1,0,0,0,0,0,0,0,0,780000
TAMAN SCIENTEX (BUKIT TAMBUN PERDANA),Durian Tunggal,Melaka,226,1,0,1,0,0,0,0,0,0,0,0,267000
Taman Alor Vista,Bayan Lepas,Penang,387,1,0,0,0,0,0,0,0,0,1,0,200000
TAMAN LINTANG BISTARI,Sungai Siput,Perak,175,0,1,1,0,0,0,0,0,0,0,0,267284
Kondo Rakyat,Kuala Ibai,Terengganu,106,0,1,0,0,0,0,0,1,0,0,0,66500
TAMAN SEMARAK MEGAH,Tawau,Sabah,250,0,1,1,0,0,0,0,0,0,0,0,365000
Abadi Indah,Taman Desa,Kuala Lumpur,327,0,1,0,0,0,0,0,0,0,1,0,300000
Kota Laksamana Utama,Melaka City,Melaka,155,0,1,0,0,0,0,0,0,0,1,0,126000
TAMAN VISTA KIRANA,Bukit Katil,Melaka,136,0,1,0,0,1,1,0,0,0,0,0,707000
1120 Park Avenue,Petaling Jaya,Selangor,422,0,1,0,0,0,0,0,0,0,0,1,430000
Prominence,Bukit Mertajam,Penang,370,1,0,0,0,0,0,0,0,0,0,1,470000
TAMAN SRI BAHAGIA,Cheras,Selangor,447,1,0,1,0,0,0,0,0,0,0,0,561000
TAMAN SRI PENAWAR,Pengerang,Johor,375,0,1,1,0,0,0,0,0,0,0,0,525000
TAMAN KARISMA IMPIAN,Sitiawan,Perak,193,1,0,1,0,0,0,0,0,0,0,0,298800
TAMAN PANDAN PERDANA,Ampang,Selangor,484,0,1,1,0,0,0,0,0,0,0,0,722500
Indah,Butterworth,Penang,303,1,0,0,0,0,0,0,0,0,1,0,215000
TAMAN SRIKANDI,Telok Panglima Garang,Selangor,258,0,1,1,0,1,0,0,0,0,0,0,454220
TAMAN BINTULU JAYA,Bintulu,Sarawak,44,1,0,1,0,0,0,0,0,0,0,0,80000
Sky View,Iskandar Puteri (Nusajaya),Johor,515,1,0,0,0,0,0,1,0,0,0,0,410000
TAMAN SENGGARANG,Senggarang,Johor,107,1,0,1,0,0,0,0,0,0,0,0,150000
Bukit Saujana,Ayer Itam,Penang,319,1,0,0,0,0,0,0,1,0,0,0,220000
USJ 4,Subang Jaya,Selangor,499,1,0,1,0,0,0,0,0,0,0,0,915000
TAMAN TOPAZ @ SELANGORKU,Dengkil,Selangor,192,1,0,1,0,0,0,0,0,0,0,0,250000
BUKIT ANGGERIK,Cheras,Kuala Lumpur,308,0,1,1,0,0,0,0,0,0,0,0,493000
Casa Tropika,Puchong,Selangor,393,0,1,0,0,0,0,0,0,0,0,1,495000
Pangsapuri Ikhlas,Jitra,Kedah,241,1,0,0,0,0,0,0,0,0,1,0,165000
Gambier Heights,Gelugor,Penang,486,1,0,0,0,0,0,0,0,0,1,0,345000
TAMAN BERTEK,Klang,Selangor,352,1,0,1,0,0,0,0,0,0,0,0,866000
TAMAN PINGGIRAN PUTRA SEKSYEN 2,Seri Kembangan,Selangor,291,0,1,1,0,0,1,0,0,0,0,0,590000
TAMAN AMPANGAN,Paroi,Negeri Sembilan,145,1,0,1,0,1,0,0,0,0,0,0,230000
Impian Senibong Apartment,Permas Jaya,Johor,367,0,1,0,0,0,0,0,0,0,1,0,375000
TAMAN BANDAR SENAWANG,Senawang,Negeri Sembilan,246,1,0,1,0,0,0,0,0,0,0,0,440000
TAMAN JASA INTAN FASA II,Bukit Mertajam,Penang,434,1,0,1,0,0,0,0,0,0,0,0,788800
TAMAN SUTERA WANGI,Batu Berendam,Melaka,250,0,1,1,0,0,0,0,0,0,0,0,388000
Abadi Villa,Taman Desa,Kuala Lumpur,370,0,1,0,0,0,0,0,0,0,0,1,450000
Greenfield Regency,Tampoi,Johor,485,1,0,0,0,0,0,1,0,0,0,0,391500
Putatan Platinum Apartment,Penampang,Sabah,346,1,0,0,0,0,0,0,0,0,1,0,294000
NILAI IMPIAN,Nilai,Negeri Sembilan,383,1,0,1,0,0,0,0,0,0,0,0,639888
TAMAN PUNCAK HARMONI,Kuala Kangsar,Perak,196,1,0,1,0,0,0,0,0,0,0,0,318000
Subang Perdana Goodyear Court 10,Subang Jaya,Selangor,368,1,0,0,0,0,0,0,0,0,1,0,374000
TAMAN SERAI WANGI,Padang Serai,Kedah,209,1,0,1,0,0,0,0,0,0,0,0,270000
TAMAN SERI DAGANG 3,Tanjong Duabelas,Selangor,189,0,1,1,0,1,0,0,0,0,0,0,386500
Scott Towers @ Larkin JB,Johor Bahru,Johor,408,0,1,0,0,0,0,0,0,0,1,0,395000
TAMAN PULAI HIJAUAN,Skudai,Johor,329,1,0,1,1,0,0,0,0,0,0,0,655000
Taman Kajang Perdana,Kajang,Selangor,64,0,1,0,0,0,0,0,1,0,0,0,42000
SS14,Subang Jaya,Selangor,390,1,0,1,0,1,0,0,0,0,0,0,869000
TAMAN SRI JAYA,Batu Pahat,Johor,201,1,0,1,0,0,0,0,0,0,0,0,301500
Taman Inderawasih,Perai,Penang,133,1,0,0,0,0,0,0,1,0,0,0,70000
TAMAN NUSANTARA,Kuala Kedah,Kedah,186,1,0,1,0,1,0,0,0,0,0,0,347500
Gemilang Indah,Jalan Klang Lama (Old Klang Road),Kuala Lumpur,314,1,0,0,0,0,0,0,0,0,0,1,265000
Rasah Jaya Flat,Rasah,Negeri Sembilan,102,1,0,0,0,0,0,0,1,0,0,0,68000
BANDAR RINCHING,Semenyih,Selangor,292,1,0,1,0,0,0,0,0,0,0,0,400000
Iconic Skies,Sungai Ara,Penang,607,1,0,0,0,0,0,0,0,0,0,1,830700
Sri Angkasa Apartment,Klang,Selangor,221,1,0,0,0,0,0,0,1,0,0,0,143000
Kenari,Skudai,Johor,198,1,0,0,0,0,0,0,1,0,0,0,130000
Vista Lavender,Bandar Kinrara,Selangor,235,0,1,0,0,0,0,0,0,0,1,0,200000
RASAH KEMAYAN (KEMAYAN COUNTRY TOWNSHIP),Rasah,Negeri Sembilan,128,1,0,0,0,0,1,0,0,0,0,0,620000
Flat Taman Melati,Setapak,Kuala Lumpur,326,1,0,0,0,0,0,0,1,0,0,0,207500
"Taman Daya - Jalan Pinang 3, 4",Tebrau,Johor,258,1,0,0,0,0,0,0,1,0,0,0,150000
TAMAN KHAZANAH INDAH,Lahad Datu,Sabah,152,0,1,1,0,0,0,0,0,0,0,0,250000
Residensi Adelia,Bangi,Selangor,323,1,0,0,0,0,0,0,0,0,0,1,350000
Taman Telipok Ria Fasa 1 & Fasa 2,Tuaran,Sabah,263,0,1,0,0,0,0,0,0,0,1,0,160000
Maisson,Ara Damansara,Selangor,619,1,0,0,0,0,0,1,0,0,0,0,535000
TAMAN BUKIT INDAH,Ulu Klang,Selangor,548,0,1,1,0,0,1,0,0,0,0,0,717500
OFF JALAN MERU,Klang,Selangor,274,1,0,1,0,0,0,0,0,0,0,0,500000
PUSAT BANDAR PUCHONG,Puchong,Selangor,531,1,0,1,0,0,0,0,0,0,0,0,762500
Villa Bestari Apartment,Iskandar Puteri (Nusajaya),Johor,327,1,0,0,0,0,0,0,0,0,1,0,380000
TAMAN PERDA INDAH,Tasek Gelugor,Penang,157,1,0,1,0,0,0,0,0,0,0,0,343800
Genting Permai Resort,Bentong,Pahang,298,1,0,0,0,0,0,0,0,0,1,0,210000
ASTANA PARK HOMES - VILLA NATURA,Sungai Petani,Kedah,202,1,0,1,0,1,1,0,0,0,0,0,378000
Nilai 3,Nilai,Negeri Sembilan,135,1,0,0,0,0,0,0,0,0,1,0,100000
Mahsuri Square,Bayan Baru,Penang,476,0,1,0,0,0,0,0,0,0,0,1,498000
Selesa Puteri Condominium,Skudai,Johor,268,1,0,0,0,0,0,0,0,0,0,1,271000
Flat Taman Perling,Perling,Johor,273,1,0,0,0,0,0,0,1,0,0,0,150000
TAMAN PELANGI INDAH,Tebrau,Johor,497,1,0,1,0,0,0,0,0,0,0,0,904900
TAMAN DATO HORMAT,Telok Panglima Garang,Selangor,293,1,0,1,0,0,0,0,0,0,0,0,435000
BANDAR MUTIARA,Sungai Petani,Kedah,186,1,0,1,0,1,0,0,0,0,0,0,280000
SEREMBAN FOREST HEIGHTS,Ampangan,Negeri Sembilan,412,1,0,1,0,0,0,0,0,0,0,0,637500
GLENMARIE HEIGHTS,Tebrau,Johor,413,1,0,1,0,0,0,0,0,0,0,0,906950
TAMAN ASEAN,Balai Panjang,Melaka,236,1,0,1,0,0,0,0,0,0,0,0,382500
Taman Daya - Jalan Nibong 28,Tebrau,Johor,263,1,0,0,0,0,0,0,1,0,0,0,150000
Taman Intan Baiduri,Batu Caves,Kuala Lumpur,183,0,1,0,0,0,0,0,1,0,0,0,130000
Lily & Jasmine Apartment,Tampoi,Johor,285,0,1,0,0,0,0,0,0,0,1,0,285000
Taman Soga,Batu Pahat,Johor,138,1,0,0,0,0,0,0,1,0,0,0,85000
TAMAN RASAH JAYA II,Rasah,Negeri Sembilan,182,1,0,1,0,0,0,0,0,0,0,0,235000
DESA SALAK PEKERTI,Sepang,Selangor,200,0,1,1,0,0,0,0,0,0,0,0,499500
Subang Perdana Goodyear Court 9,Subang Jaya,Selangor,373,1,0,0,0,0,0,0,0,0,1,0,380000
BK 2 - PERUMAHAN KINRARA,Bandar Kinrara,Selangor,463,1,0,1,0,0,0,0,0,0,0,0,674000
TAMAN SERI DUYONG,Duyong,Melaka,157,0,1,1,0,0,0,0,0,0,0,0,268000
SEKSYEN 27 SHAH ALAM,Shah Alam,Selangor,376,1,0,1,0,1,0,0,0,0,0,0,700000
MEDAN LAHAT BARU,Lahat,Perak,179,0,1,1,0,0,0,0,0,0,0,0,288800
ATABARA RESIDENCE FASA 8 (PL 76003),Kuantan,Pahang,163,1,0,1,0,0,0,0,0,0,0,0,325000
Kelana D'Putera,Kelana Jaya,Selangor,342,0,1,0,0,0,0,0,0,0,0,1,400000
SRI INDERAPURA,Kuantan,Pahang,150,0,1,1,0,1,0,0,0,0,0,0,192500
TAMAN DESA IMPIAN,Simpang Ampat,Penang,314,1,0,0,1,0,0,0,0,0,0,0,880000
TAMAN CERMAI,Muar,Johor,630,1,0,1,0,0,0,0,0,0,0,0,895000
TAMAN ARKID,Menglembu,Perak,239,0,1,1,0,0,0,0,0,0,0,0,250000
TAMAN TAN YEW LAI,Jalan Klang Lama (Old Klang Road),Kuala Lumpur,417,1,0,1,0,0,0,0,0,0,0,0,575000
Bandar Baru Ampang,Ampang,Selangor,243,0,1,0,0,0,0,0,1,0,0,0,139900
"TAMAN SRI JAYA, SRI AMAN",Sri Aman,Sarawak,106,1,1,1,0,0,0,0,0,0,0,0,295000
TAMAN TUNKU MAHERAN,Jitra,Kedah,168,1,0,1,0,0,0,0,0,0,0,0,255000
Flat Bukit Indah,Iskandar Puteri (Nusajaya),Johor,266,1,0,0,0,0,0,0,1,0,0,0,200000
Tun Perak,Melaka City,Melaka,440,0,1,0,0,0,0,0,0,0,1,0,478000
TAMAN PERMATA,Ulu Klang,Selangor,439,1,0,1,0,0,0,0,0,0,0,0,450000
TAMAN SRI ANDALAS (P/L 1014),Klang,Selangor,515,1,0,1,0,0,0,0,0,0,0,0,620000
TAMAN SETAPAK (SETAPAK GARDEN),Setapak,Kuala Lumpur,341,1,0,1,0,0,0,0,0,0,0,0,600000
UDA UTAMA,Johor Bahru,Johor,487,1,0,1,0,0,0,0,0,0,0,0,809662
Arena Green,Bukit Jalil,Kuala Lumpur,366,1,0,0,0,0,0,0,0,0,1,0,270000
TAMAN WAWASAN / BANDAR BARU MERSING,Mersing,Johor,214,1,0,1,0,0,0,0,0,0,0,0,260000
"TAMAN OSCAR, SUNGAI BESAR",Sungai Besar,Selangor,147,0,1,1,0,0,0,0,0,0,0,0,343440
Fairway Suites,Iskandar Puteri (Nusajaya),Johor,455,1,0,0,0,0,0,0,0,0,0,1,465000
TAMAN PULAI EMAS,Kulai,Johor,325,0,1,1,0,0,0,0,0,0,0,0,385000
M Condominium @ Larkin,Johor Bahru,Johor,439,0,1,0,0,0,0,0,0,0,0,1,485000
Prima Setapak Flat,Setapak,Kuala Lumpur,301,0,1,0,0,0,0,0,1,0,0,1,350000
YARRA PARK SPRINGFIELD,Sungai Petani,Kedah,233,1,0,1,0,0,0,0,0,0,0,0,357900
TEMPLER RESIDENCE,Rawang,Selangor,518,1,0,1,0,0,0,0,0,0,0,0,837000
TAMAN KUALA LIPIS,Kuala Lipis,Pahang,179,1,0,1,0,0,0,0,0,0,0,0,275000
Taman Desa Relau 2,Relau,Penang,385,1,0,0,0,0,0,0,0,0,1,0,290000
BANDAR SUNWAY SEMENYIH,Semenyih,Selangor,277,1,0,1,0,0,0,0,0,0,0,0,561000
TAMAN SUNGAI SERDANG JAYA,Kapar,Selangor,161,1,0,0,0,1,0,0,0,0,0,0,504850
Ixora Apartment,Bukit Baru,Melaka,259,1,0,0,0,0,0,0,0,0,1,0,332500
Pusat Komersial Seksyen 7,Shah Alam,Selangor,376,0,1,0,0,0,0,0,1,0,0,0,300000
"SEKSYEN 32, SHAH ALAM",Shah Alam,Selangor,316,1,0,1,0,1,0,0,0,0,0,0,487500
TAMAN MALIM JAYA,Bachang,Melaka,243,0,1,1,0,0,0,0,0,0,0,0,296500
PANORAMA LAPANGAN PERDANA,Ipoh,Perak,289,1,0,1,0,0,0,0,0,0,0,0,568000
BANDAR ALAM MASAI,Masai,Johor,364,1,0,1,0,0,0,0,0,0,0,0,688000
SETIA ECOHILL,Beranang,Selangor,419,1,0,1,1,0,0,0,0,0,0,0,680000
Greenview Residence,Bandar Sungai Long,Selangor,479,1,0,0,0,0,0,0,0,0,0,1,650000
SEKSYEN 5 BANDAR BARU BANGI,Bangi,Selangor,360,0,1,1,0,0,0,0,0,0,0,0,360000
Seasons Amara Larkin,Johor Bahru,Johor,402,0,1,0,0,0,0,1,0,0,0,0,400000
TAMAN BUKIT SENDAYAN,Bandar Sri Sendayan,Negeri Sembilan,192,0,1,1,0,0,0,0,0,0,0,0,250000
TAMAN EHSAN JAYA,Johor Bahru,Johor,455,0,1,1,0,0,0,0,0,0,0,0,778000
"LOT 5330, GURNEY",Sitiawan,Perak,210,1,0,0,0,1,0,0,0,0,0,0,628000
Casa Desa,Taman Desa,Kuala Lumpur,442,1,0,0,0,0,0,0,0,0,0,1,540000
Sunny Ville Condominium,Gelugor,Penang,420,1,0,0,0,0,0,0,0,0,0,1,390000
KLEBANG PERDANA,Ipoh,Perak,371,1,0,1,0,0,0,0,0,0,0,0,554888
SUNWAY ALAM SURIA,Shah Alam,Selangor,395,0,1,1,0,0,0,0,0,0,0,0,700000
TAMAN MH PERMATANG BADAK FASA 6 (P/L30398),Kuantan,Pahang,184,1,0,1,0,1,0,0,0,0,0,0,289000
TAMAN BUNGA RAYA,Setapak,Kuala Lumpur,363,1,0,1,0,0,0,0,0,0,0,0,520000
P/L 104445 & P/L 104476(LOT 2507),Kuantan,Pahang,174,1,0,1,0,0,0,0,0,0,0,0,271790
TAMAN SELASEH,Batu Caves,Selangor,340,0,1,1,0,0,0,0,0,0,0,0,550000
MUTIARA HILLS @ SEMENYIH,Semenyih,Selangor,391,1,0,1,0,0,0,0,0,0,0,0,547770
TAMAN KUCAI INDAH II,Lunas,Kedah,303,1,0,1,0,1,0,0,0,0,0,0,490000
TAMAN DESA BUKIT NILAM,Kapar,Selangor,391,1,0,1,0,0,0,0,0,0,0,0,549900
TAMAN INDUSTRI SRI SULONG,Batu Pahat,Johor,100,1,0,1,0,1,0,0,0,0,0,0,235000
P/L 3487(LABU),Sepang,Selangor,211,0,1,1,0,0,0,0,0,0,0,0,395000
BANDAR BUKIT TINGGI,Pandamaran,Selangor,455,1,0,1,0,0,0,0,0,0,0,0,686000
Le Yuan Residence,Jalan Klang Lama (Old Klang Road),Kuala Lumpur,541,1,0,0,0,0,0,0,0,0,0,1,840000
TAMAN SEMENTA PERMAI,Kapar,Selangor,254,1,0,1,0,0,0,0,0,0,0,0,358000
Taman Desa Rakyat Perdana,Pasir Gudang,Johor,183,0,1,0,0,0,0,0,1,0,0,0,130000
TAMAN DESA IDAMAN,Durian Tunggal,Melaka,188,1,0,1,0,0,0,0,0,0,0,0,320000
PD Marina World Resort,Port Dickson,Negeri Sembilan,138,1,0,0,0,0,0,0,0,0,0,1,90500
TAMAN JUASSEH SENTOSA,Juasseh,Negeri Sembilan,67,1,0,1,0,0,0,0,0,0,0,0,81500
MERU SENTOSA,Ipoh,Perak,235,0,1,1,0,0,0,0,0,0,0,0,340194
Taman Penampang Apartment,Penampang,Sabah,336,0,1,0,0,0,0,0,0,0,1,0,340000
TAMAN MACHANG BUBOK,Bukit Mertajam,Penang,387,1,0,1,0,0,0,0,0,0,0,0,480000
Kiara Residence 2 (Residensi Kiara Jalil 2),Bukit Jalil,Kuala Lumpur,479,0,1,0,0,0,0,0,0,0,0,1,585000
The Pines Residence,Gelang Patah,Johor,325,0,1,0,0,0,0,0,0,0,1,0,330000
Pertiwi Indah,Cheras,Kuala Lumpur,371,0,1,0,0,0,0,0,0,0,0,1,450000
UNI GARDEN,Kota Samarahan,Sarawak,238,1,0,1,0,0,0,0,0,0,0,0,510000
LEXVIEW,Ipoh,Perak,298,1,1,1,0,0,0,0,0,0,0,0,458880
HORIZON RESIDENCE @ BUKIT INDAH,Iskandar Puteri (Nusajaya),Johor,451,1,0,1,0,0,0,0,0,0,0,0,850000
TAMAN MERAK JAYA,Simpang Ampat,Penang,231,1,0,1,0,0,0,0,0,0,0,0,315000
PD Tiara Bay,Pasir Panjang,Negeri Sembilan,130,1,0,0,0,0,0,0,0,0,1,0,53000
BUNGA RAYA,Bukit Baru,Melaka,169,1,1,1,0,0,0,0,0,0,0,0,300000
TAMAN DESA MURNI,Butterworth,Penang,396,1,1,1,0,0,0,0,0,1,0,0,350000
Angkasa Condominiums,Cheras,Kuala Lumpur,648,1,0,0,0,0,0,0,0,0,0,1,600000
KEPONG GARDEN,Kepong,Kuala Lumpur,434,1,0,1,0,0,0,0,0,0,0,0,780000
Laguna Condo Resort,Port Dickson,Negeri Sembilan,117,1,0,0,0,0,0,0,0,0,0,1,95000
TAMAN SEKIAH MAKMUR,Ulu Bernam,Perak,179,0,1,1,0,0,0,0,0,0,0,0,260000
"ALAM SURIA, PUNCAK ALAM",Bandar Puncak Alam,Selangor,288,0,1,1,1,0,0,0,0,0,0,0,522500
SS19,Subang Jaya,Selangor,541,1,0,1,0,1,0,0,0,0,0,0,505000
TAMAN PANDAN INDAH,Ampang,Selangor,511,0,1,1,0,0,0,0,0,1,0,0,522500
Pantai Hillpark 2,Pantai,Kuala Lumpur,506,0,1,0,0,0,0,0,0,0,0,1,462500
TAMAN DESA TANJUNG MINYAK (SERI BERTAM),Tanjong Minyak,Melaka,181,0,1,1,0,0,0,0,0,0,0,0,260000
TAMAN DATUK SENU,Sentul,Kuala Lumpur,513,0,1,1,1,0,0,0,0,0,0,0,330000
TAMAN SRI BAKRI III,Muar,Johor,243,1,0,1,0,0,0,0,0,0,0,0,394000
TAMAN RAJA MUDA MUSA II,Sitiawan,Perak,180,1,0,1,0,0,0,0,0,0,0,0,288800
TAMAN COLONIAL,Raub,Pahang,285,1,0,1,0,0,0,0,0,0,0,0,470000
TAMAN PERTAMA,Ipoh,Perak,174,0,1,1,0,1,0,0,0,0,0,0,280000
TAMAN PUCHONG INDAH,Puchong,Selangor,334,0,1,1,0,0,0,0,0,0,0,0,400000
TAMAN PERMAIPURA,Bedong,Kedah,246,1,0,1,0,0,0,0,0,0,0,0,362000
BANDAR METRO PUCHONG,Puchong,Selangor,547,0,1,1,0,0,0,0,0,0,0,0,925000
TAMAN BUKIT GALENA,Seremban,Negeri Sembilan,276,1,0,1,0,1,0,0,0,0,0,0,492500
TAMAN MEGAH,Pontian,Johor,234,1,0,1,0,1,0,0,0,0,0,0,366000
MJC Courtyard Sanctuary,Kuching,Sarawak,345,0,1,0,0,0,0,0,0,0,1,0,295000
Utama @ Utropolis,Batu Kawan,Penang,628,1,0,0,0,0,0,1,0,0,0,0,320000
Selesa I Resort Apartment (Pangsapuri Damai Mewah B),Kajang,Selangor,302,1,0,0,0,0,0,0,0,0,1,0,290000
PLUMERIA @ BANDAR UNIVERSITI,Seri Iskandar,Perak,175,0,1,1,0,0,0,0,0,0,0,0,250000
The Z Residence,Bukit Jalil,Kuala Lumpur,493,1,0,0,0,0,0,0,0,0,0,1,628000
TAMAN PINGGIR PENGKALAN PERMAI,Ipoh,Perak,262,1,0,0,1,0,0,0,0,0,0,0,688000
TAMAN KERIAN SENTOSA,Parit Buntar,Perak,267,0,1,1,0,0,0,0,0,0,0,0,368800
RAINTREE PARK2,Sungai Bakap,Penang,321,1,0,1,0,1,0,0,0,1,0,0,526500
SEKSYEN 4 BANDAR BARU BANGI,Bangi,Selangor,279,0,1,1,0,0,1,0,0,0,0,0,535000
TAMAN AIR BIRU,Pasir Gudang,Johor,245,0,1,1,0,1,0,0,0,0,0,0,270000
TAMAN SRI PUTRI,Skudai,Johor,344,1,0,1,0,0,0,0,0,0,0,0,540000
TANJUNG TEMASEK,Ipoh,Perak,226,0,1,1,0,0,0,0,0,0,0,0,303800
Park Avenue,Tampoi,Johor,267,0,1,0,0,0,0,0,0,0,1,0,183750
TAMAN TERENDAK PERMAI,Sungai Udang,Melaka,175,1,0,1,0,0,0,0,0,0,0,0,270000
Ivory Residence,Kajang,Selangor,302,1,0,0,0,0,0,0,0,0,0,1,390000
Ocean View Resort,Port Dickson,Negeri Sembilan,111,1,0,0,0,0,0,1,0,0,0,1,84000
The Capers @ Sentul East,Sentul,Kuala Lumpur,590,1,0,0,0,0,0,0,0,0,0,1,760000
Flat PKNS Seksyen 8,Shah Alam,Selangor,287,0,1,0,0,0,0,0,1,0,0,0,170000
BANDAR PUNCAK SENA,Pokok Sena,Kedah,267,1,0,1,0,0,0,0,0,0,0,0,326800
TAMAN BERCHAM RAYA,Tambun,Perak,177,0,1,1,0,0,0,0,0,0,0,0,194000
Seremban Putra,Sikamat,Negeri Sembilan,221,1,0,0,0,0,0,0,0,0,1,0,185000
TAMAN BUKIT KATIL DAMAI,Bukit Katil,Melaka,338,0,1,1,0,1,0,0,0,0,0,0,488000
Prima Regency,Johor Bahru,Johor,332,1,0,0,0,0,0,0,0,0,1,0,351500
VISTA IXORA,Ipoh,Perak,296,0,1,1,0,0,0,0,0,0,0,0,398380
BISTARI PERDANA,Pasir Gudang,Johor,384,1,0,1,0,0,0,0,0,0,0,0,460000
Pelangi Damansara,Bandar Utama,Selangor,576,0,1,0,0,0,0,0,0,0,1,0,450000
TAMAN ILMU,Nibong Tebal,Penang,251,1,0,1,1,0,0,0,0,0,0,0,310500
DESA RESTU,Sepang,Selangor,437,0,1,1,0,0,0,0,0,0,0,0,575000
Taman Seruling Emas,Sungai Jawi,Penang,100,1,0,0,0,0,0,0,1,0,0,0,55000
LAKEVIEW RESIDENCE,Bidor,Perak,150,0,1,0,1,0,0,0,0,0,0,0,398700
TAMAN SRI SKUDAI,Skudai,Johor,283,1,0,1,0,0,0,0,0,0,0,0,400000
TAMAN BUKIT FLORA,Batu Pahat,Johor,236,1,0,1,0,0,0,0,0,0,0,0,245000
Petaling Indah Condominiums,Sri Petaling,Kuala Lumpur,297,0,1,0,0,0,0,0,0,0,0,1,298850
TAMAN DESA INDAH,Nilai,Negeri Sembilan,239,1,0,1,0,0,0,0,0,0,0,0,393000
Akasia,Klang,Selangor,505,1,0,0,0,0,0,0,0,0,1,0,380000
N-Park Condominium,Gelugor,Penang,471,1,0,0,0,0,0,0,0,0,0,1,330000
TAMAN SERI PAYA RUMPUT,Sungei Baru Tengah,Melaka,174,1,0,1,0,0,0,0,0,0,0,0,260000
Sunway Court,Bandar Sunway,Selangor,392,0,1,0,0,0,0,0,0,0,1,0,380000
Desa Sri Puteri,Desa Petaling,Kuala Lumpur,216,0,1,0,0,0,0,0,1,0,0,0,130000
TAMAN TASEK,Johor Bahru,Johor,250,1,0,1,0,1,0,0,0,0,0,0,615000
TAMAN RIMBA (PEC LOT 3021),Mentakab,Pahang,185,1,0,1,0,0,0,0,0,0,0,0,308000
TAMAN PERWIRA JAYA,Tapah,Perak,121,0,1,1,0,0,0,0,0,0,0,0,169000
Taman Sri Harmoni,Kuching,Sarawak,133,0,1,0,0,0,0,0,1,0,0,0,66000
TAMAN FAJAR,Sandakan,Sabah,222,0,1,1,0,0,0,0,0,0,0,0,320000
TAMAN SRI PALOH,Paloh,Johor,200,1,0,1,0,1,0,0,0,0,0,0,308000
BANDAR BARU SEGARI,Lumut,Perak,156,0,1,0,1,0,0,0,0,0,0,0,328000
P/L 174132 INDERA MAHKOTA,Kuantan,Pahang,276,1,0,1,0,0,0,0,0,0,0,0,392000
TAMAN JELITA BLOK 30,Miri,Sarawak,179,0,1,1,0,0,0,0,0,0,0,0,180000
RUMAH MAKMUR KAMPUNG TIRAM,Kuantan,Pahang,73,0,1,1,0,0,0,0,0,0,0,0,80000
TAMAN SELASIH INDAH,Kulim,Kedah,387,1,0,1,0,0,0,0,0,0,0,0,542200
Larkin Heights,Johor Bahru,Johor,388,0,1,0,0,0,0,1,0,0,0,0,388000
TAMAN SUNGAI KAPAR INDAH,Kapar,Selangor,346,1,0,1,0,0,0,0,0,0,0,0,450000
Warisan City View,Cheras,Kuala Lumpur,451,0,1,0,0,0,0,0,0,0,0,1,410000
TIMUR,Bandar Enstek,Negeri Sembilan,264,1,0,1,0,0,0,0,0,0,0,0,570000
M SENYUM SALAK TINGGI,Sepang,Selangor,463,0,1,1,0,0,0,0,0,0,0,0,555210
KUALA BESUT,Besut,Terengganu,190,1,0,1,0,1,1,0,0,0,0,0,335000
Koi Kinrara,Puchong,Selangor,532,1,0,0,0,0,0,1,0,0,0,0,560000
TAMAN JOHOR,Tampoi,Johor,259,1,0,1,0,0,1,0,0,0,0,0,500000
TAMAN PELANGI SEMENYIH 2,Beranang,Selangor,338,1,0,1,0,0,0,0,0,0,0,0,505000
TAMAN KELADI FASA 1,Sungai Petani,Kedah,152,1,0,1,0,0,0,0,0,0,0,0,200000
TAMAN SERI ROTAN,Kuala Kedah,Kedah,147,1,0,0,0,1,0,0,0,0,0,0,379505
"TAMAN IDAMAN, SUNGAI SEGAMAT",Segamat,Johor,81,0,1,1,0,0,0,0,0,0,0,0,117500
Skyridge Garden,Tanjong Tokong,Penang,633,1,0,0,0,0,0,0,0,0,0,1,835000
TAMAN RIA JAYA FASA 2,Sungai Petani,Kedah,146,1,0,1,0,0,0,0,0,0,0,0,197500
TAMAN MELAWATI,Ulu Klang,Selangor,483,1,0,1,0,1,0,0,0,0,0,0,686000
TAMAN IMPIAN JAYA,Senai,Johor,142,0,1,1,0,0,0,0,0,0,0,0,411000
TAMAN AMAN,Kulai,Johor,253,1,0,1,0,0,0,0,0,0,0,0,280000
Rumah Pangsa College Heights Pajam,Mantin,Negeri Sembilan,114,1,0,0,0,0,0,0,1,0,0,0,70000
TAMAN SRI JAYA 1 & 2,Kluang,Johor,169,1,0,1,0,0,0,0,0,0,0,0,250000
TAMAN JUMBO,Penampang,Sabah,390,0,1,1,0,0,0,0,0,0,0,0,350000
"TAMAN PESONA, SUNGAI SEGAMAT",Segamat,Johor,190,1,0,1,0,0,0,0,0,0,0,0,363500
TAMAN SERI IPIL,Nibong Tebal,Penang,185,1,0,0,0,1,1,0,0,0,0,0,520000
TAMAN CEMPAKA,Ipoh,Perak,202,1,1,1,0,0,0,0,0,0,0,0,199000
TAMAN KLEBANG JAYA,Chemor,Perak,167,0,1,1,0,0,0,0,0,0,0,0,200000
TAMAN MANGGIS JAYA,Banting,Selangor,270,1,0,1,0,1,0,0,0,0,0,0,442500
PELABUHAN KLANG,Port Klang,Selangor,249,1,0,1,0,0,0,0,0,0,0,0,420000
TAMAN PENAGA,Penaga,Penang,204,1,0,1,0,1,0,0,0,0,0,0,237500
TAMAN INDERAWASIH,Perai,Penang,318,1,0,1,0,0,0,0,0,0,0,0,514000
BANDAR PERMATA LUNAS,Lunas,Kedah,172,1,0,1,0,1,0,0,0,0,0,0,412500
Vista Angkasa,Pantai,Kuala Lumpur,406,0,1,0,0,0,0,0,0,0,1,0,330000
1Medini,Iskandar Puteri (Nusajaya),Johor,366,1,0,0,0,0,0,0,0,0,0,1,370000
TAMAN MEDAN PASIR SAUJANA,Ipoh,Perak,336,1,0,1,0,0,0,0,0,0,0,0,559000
TAMAN GOPENG MEWAH,Gopeng,Perak,167,0,1,1,0,0,0,0,0,0,0,0,277235
TAMAN WIDURI,Sungai Jawi,Penang,224,1,0,1,0,0,0,0,0,0,0,0,260000
TAMAN INTAN DUYUNG,Port Dickson,Negeri Sembilan,150,0,1,1,0,0,0,0,0,0,0,0,220000
LAMAN HARIS @ ECO GRANDEUR,Ijok,Selangor,325,0,1,1,0,0,0,0,0,0,0,0,455000
TAMAN SRI CENDEKIA (TAMAN CONNAUGHT),Cheras,Kuala Lumpur,370,0,1,1,0,0,0,0,0,0,0,0,705000
Halaman Kenanga,Sungai Dua,Penang,375,0,1,0,0,0,0,0,0,0,1,0,250000
Taman Ketiau,Penampang,Sabah,284,0,1,0,0,0,0,0,1,0,0,0,190000
TAMAN DESA MELATI,Nilai,Negeri Sembilan,222,1,0,1,0,0,0,0,0,0,0,0,490000
TAMAN SEMARAK,Tawau,Sabah,205,0,1,1,1,0,0,0,0,0,0,0,200000
Mesahill,Nilai,Negeri Sembilan,446,1,0,0,0,0,0,1,0,0,0,0,260000
TAMAN DESA PAKATAN,Ipoh,Perak,216,0,1,1,0,0,0,0,0,0,0,0,188500
Amadesa Resort Condominium,Desa Petaling,Kuala Lumpur,323,0,1,0,0,0,0,0,0,0,0,1,350000
TAMAN WANGSA PERMAI,Kepong,Selangor,488,0,1,1,0,0,0,0,0,0,0,0,737000
SS15,Subang Jaya,Selangor,508,1,0,1,0,0,0,0,0,0,0,0,922500
Paradiso Nuova (Merak Kayangan),Iskandar Puteri (Nusajaya),Johor,485,1,0,0,0,0,0,0,0,0,0,1,708000
TAMAN KLEBANG PERDANA,Ipoh,Perak,364,1,0,1,0,0,0,0,0,0,0,0,513967
Mutiara Magna,Kepong,Kuala Lumpur,326,0,1,0,0,0,0,0,1,0,0,0,220000
Menara U,Shah Alam,Selangor,586,0,1,0,0,0,0,1,0,0,0,0,335000
TAMAN CASSIA BAHAU,Bahau,Negeri Sembilan,192,0,1,1,0,0,0,0,0,0,0,0,249000
Taman Merak Jaya,Simpang Ampat,Penang,186,1,0,0,0,0,0,0,1,0,0,0,100000
TAMAN MASJID TANAH PERDANA,Masjid Tanah,Melaka,128,1,0,0,0,1,0,0,0,0,0,0,410000
TAMAN FLORA HEIGHTS,Pasir Gudang,Johor,286,1,0,1,0,0,0,0,0,0,0,0,497250
Bayu Puteri 2,Johor Bahru,Johor,343,0,1,0,0,0,0,0,0,0,1,0,310000
TAMAN KERIAN INDAH,Parit Buntar,Perak,357,1,0,1,0,0,0,0,0,0,0,0,498800
TAMAN MERU PERDANA,Ipoh,Perak,305,1,0,1,0,0,0,0,0,0,0,0,406700
Sri Cempaka,Puchong,Selangor,471,1,0,0,0,0,0,0,0,0,1,0,380000
Vista Pinggiran Apartment,Seri Kembangan,Selangor,355,0,1,0,0,0,0,0,0,0,1,0,310000
SENTRAL BEHRANG,Ulu Bernam,Perak,285,0,1,1,1,0,0,0,0,0,0,0,398888
TAMAN RIMBA (PEC LOT 1135),Mentakab,Pahang,186,1,0,1,0,0,0,0,0,0,0,0,137000
TAMAN PENGKALAN SURIA,Ipoh,Perak,182,0,1,0,1,1,0,0,0,0,0,0,435240
SD Apartments II,Bandar Sri Damansara,Selangor,430,1,0,0,0,0,0,0,0,0,1,0,340000
TAMAN HIJRAH,Kapar,Selangor,355,1,0,1,0,0,0,0,0,0,0,0,450000
Taman Anika,Melaka City,Melaka,138,0,1,0,0,0,0,0,1,0,0,0,78000
ALAM DAMAI,Cheras,Kuala Lumpur,458,0,1,1,0,0,0,0,0,0,0,0,859000
TAMAN DESA TEKKAH SENTOSA,Taiping,Perak,367,0,1,1,0,0,0,0,0,0,0,0,468800
BANDAR UTAMA BATANG KALI,Batang Kali,Selangor,208,1,0,1,1,0,0,0,0,0,0,0,232500
Harmony View,Jelutong,Penang,560,1,0,0,0,0,0,0,0,0,1,0,378000
The Vyne,Sungai Besi,Kuala Lumpur,540,0,1,0,0,0,0,0,0,0,0,1,467500
TAMAN DESA,Muar,Johor,295,1,0,1,0,0,0,0,0,0,0,0,490000
TAMAN MAHSURI,Padang Serai,Kedah,208,1,0,1,0,0,0,0,0,0,0,0,270000
TAMAN NESA DELIMA,Rantau,Negeri Sembilan,143,1,0,0,0,1,0,0,0,0,0,0,401531
TAMAN SRI SENAI,Senai,Johor,278,1,0,1,0,0,0,0,0,0,0,0,280000
Taman Daya - Jalan Sagu 34,Tebrau,Johor,228,1,0,0,0,0,0,0,1,0,0,0,150000
TAMAN JENGKA SEJAHTERA (PT 29246),Chenor,Pahang,158,0,1,1,0,0,0,0,0,0,0,0,243750
ARC @ Austin Hills,Johor Bahru,Johor,506,1,0,0,0,0,0,1,0,0,0,0,360000
DESA LAHAT SRI -WANG,Lahat,Perak,267,0,1,1,0,0,0,0,0,0,0,0,318880
SEKSYEN 20,Petaling Jaya,Selangor,426,1,0,1,0,0,0,0,0,0,0,0,885000
TAMAN PLENTONG BARU,Masai,Johor,341,1,0,1,0,0,0,0,0,0,0,0,295000
TAMAN IMPIANA ADRIL,Lahat,Perak,184,0,1,1,0,0,0,0,0,0,0,0,250000
TAMAN PLATINUM (RESIDENSI GATE),Dengkil,Selangor,460,1,0,1,0,0,0,0,0,0,0,0,737800
SCIENTEX IPOH - BEGONIA,Ipoh,Perak,254,1,0,1,0,0,0,0,0,0,0,0,296800
TAMAN KLANG JAYA,Klang,Selangor,232,1,0,1,0,0,0,0,0,0,0,0,475000
TAMAN SRI LAYANG,Mentakab,Pahang,160,1,0,1,0,0,0,0,0,0,0,0,170000
TAMAN IPOH SELATAN,Ipoh,Perak,203,1,0,1,0,0,0,0,0,0,0,0,397500
TAMAN PERMAIPURA,Sungai Lalang,Kedah,150,1,0,1,0,0,1,0,0,0,0,0,240000
TAMAN RASAH JAYA I,Rasah,Negeri Sembilan,202,1,0,1,0,0,0,0,0,0,0,0,300000
TAMAN PANDAMARAN PERMAI/KOTA PENDAMAR,Klang,Selangor,312,1,0,1,0,0,0,0,0,0,0,0,420000
SETIA ECO GARDEN,Skudai,Johor,429,1,0,1,0,0,0,0,0,0,0,0,650000
TAMAN AMAN PUTRI,Sungai Buloh,Selangor,464,1,0,1,0,0,0,0,0,0,0,0,872000
TAMAN ARMANI SUNGAI PANDAN 2 (PL8492),Kuantan,Pahang,175,1,0,1,0,0,0,0,0,0,0,0,266500
TAMAN DAYA,Kepong,Selangor,515,0,1,1,0,0,0,0,0,0,0,0,550000
TAMAN PONTIAN PERDANA,Pontian,Johor,150,1,0,0,0,0,1,0,0,0,0,0,541600
Bukit Pandan Kondominium 1,Cheras,Kuala Lumpur,322,1,0,0,0,0,0,0,0,0,0,1,380000
TAMAN SRI MAWAR I,Seremban,Negeri Sembilan,182,1,0,1,0,0,0,0,0,0,0,0,250000
Apartment Dahlia,Serendah,Selangor,86,1,0,0,0,0,0,0,1,0,0,0,65000
TAMAN PELANGI [SIKAMAT],Sikamat,Negeri Sembilan,179,1,0,1,0,0,0,0,0,0,0,0,240000
Medini Signature,Iskandar Puteri (Nusajaya),Johor,505,1,0,0,0,0,0,0,0,0,0,1,814800
Taman Jati,Kulim,Kedah,206,1,0,0,0,0,0,0,1,0,0,0,120000
TAMAN KELISA RIA FASA 1,Sungai Petani,Kedah,153,1,0,1,0,1,0,0,0,0,0,0,250000
Tropicana Bay Residences,Bayan Lepas,Penang,688,1,0,0,0,0,0,0,0,0,0,1,595000
TAMAN MERBAU INDAH,Triang,Pahang,154,1,0,1,0,0,0,0,0,0,0,0,200000
The Place @ Cyberjaya,Cyberjaya,Selangor,304,1,0,0,0,0,0,1,0,0,0,0,170000
GEBENG RESIDENCE (P/L PT 25173),Sungai Karang,Pahang,169,0,1,1,0,0,0,0,0,0,0,0,238000
Bayu Tasik 1,Cheras,Kuala Lumpur,420,0,1,0,0,0,0,0,0,0,0,1,380000
JALAN INDAH,Sibu,Sarawak,119,0,1,1,0,0,0,0,0,0,0,0,267500
TAMAN KLUANG BARAT,Kluang,Johor,215,1,0,1,0,1,0,0,0,0,0,0,176500
TAMAN CASSIA CEMPAKA,Batu Kawan,Penang,395,1,0,1,0,1,0,0,0,0,0,0,625320
Molek Regency,Johor Bahru,Johor,536,1,0,0,0,0,0,1,0,0,0,0,580000
TAMAN BEMBAN RAYA,Batu Gajah,Perak,154,0,1,1,0,0,0,0,0,0,0,0,238000
TAMAN MIDAH,Cheras,Kuala Lumpur,490,1,0,1,0,0,0,0,0,0,0,0,815000
SHAHZAN,Kuantan,Pahang,210,1,0,1,0,0,0,0,0,0,0,0,310000
TAMAN DUSUN SETIA,Seremban,Negeri Sembilan,238,1,0,1,0,0,0,0,0,0,0,0,275000
KAMPUNG MERDEKA - TR 105,Batu Pahat,Johor,185,1,0,1,0,1,0,0,0,0,0,0,325000
TAMAN KEMPAS INDAH,Tebrau,Johor,333,1,0,1,1,0,0,0,0,0,0,0,644000
TAMAN KOPERASI POLIS FASA 2,Batu Caves,Kuala Lumpur,504,1,0,1,0,0,0,0,0,0,0,0,460000
TAMAN BATU GAJAH PERDANA,Batu Gajah,Perak,151,0,1,1,0,0,0,0,0,0,0,0,275000
Damiana,Ulu Bernam,Perak,230,1,0,0,0,0,0,0,0,0,1,0,163000
TAMAN LEMBAH PERMAI,Sungai Lalang,Kedah,147,1,0,1,0,0,0,0,0,0,0,0,230000
TAMAN BUKIT REBANA [SP HEIGHTS],Sungai Petani,Kedah,114,1,0,0,0,1,0,0,0,0,0,0,300000
Taman Mount Austin,Tebrau,Johor,438,1,0,0,0,0,0,0,1,0,0,0,250000
Sri Lempah,Taman Desa,Kuala Lumpur,353,0,1,0,0,0,0,0,1,0,0,0,197000
TAMAN SUBANG MEWAH,Subang Jaya,Selangor,370,0,1,1,0,0,0,0,0,0,0,0,665000
TAMAN LUMUT MEWAH 2,Lumut,Perak,263,1,0,1,0,0,0,0,0,0,0,0,418800
IRAMA SENDAYAN 2B,Labu,Negeri Sembilan,424,1,0,1,0,0,0,0,0,0,0,0,603444
U Garden Resort Condominium,Gelugor,Penang,457,1,0,0,0,0,0,0,0,0,0,1,260000
Danga View Apartment,Tampoi,Johor,340,1,0,0,0,0,0,0,0,0,1,0,420000
D'ISLAND RESIDENCE,Puchong,Selangor,510,1,1,1,0,0,0,0,0,0,0,0,929000
TAMAN PEKATRA INDAH,Simpang Ampat,Penang,201,0,1,1,0,0,0,0,0,0,0,0,280000
ECO GRANDEUR,Ijok,Selangor,438,0,1,1,0,0,1,0,0,0,0,0,700000
TAMAN LANG RESIDENCES,Ipoh,Perak,328,1,0,1,0,0,0,0,0,0,0,0,459800
ALAMANDA PARKLAND,Serendah,Selangor,397,1,0,1,0,0,0,0,0,0,0,0,475000
Residensi Warnasari 3,Bandar Puncak Alam,Selangor,257,0,1,0,0,0,0,0,0,0,1,0,185000
Sri Panglima,Johor Bahru,Johor,265,0,1,0,0,0,0,0,0,0,1,0,240000
TAMAN RAMBAI UTAMA,Tanjong Minyak,Melaka,200,1,0,1,0,0,0,0,0,0,0,0,240000
TAMAN JAYA UTAMA,Telok Panglima Garang,Selangor,302,1,0,1,0,0,0,0,0,0,0,0,385000
Danau Idaman,Taman Desa,Kuala Lumpur,422,0,1,0,0,0,0,0,0,0,0,1,395000
TAMAN ISKANDAR,Johor Bahru,Johor,257,1,0,1,0,1,1,0,0,0,0,0,744000
Ketumbar Hill,Cheras,Kuala Lumpur,367,1,0,0,0,0,0,0,0,0,0,1,350000
Birchwood Court,Rawang,Selangor,207,0,1,0,0,0,0,0,1,0,0,0,165000
TAMAN DESA ANGGERIK (PUTRA NILAI),Nilai,Negeri Sembilan,193,1,0,1,0,0,0,0,0,0,0,0,345000
The Peak Residences,Tanjong Tokong,Penang,544,1,0,0,0,0,0,0,0,0,0,1,570000
TAMAN SRI WANGSA II,Batu Gajah,Perak,191,0,1,1,0,0,0,0,0,0,0,0,229400
TAMAN VILLA MUTIARA INDAH,Sungai Bakap,Penang,246,1,0,1,0,1,0,0,0,0,0,0,670000
Zennith Suites (Pangsapuri Kebun Teh),Johor Bahru,Johor,488,0,1,0,0,0,0,0,0,0,1,0,225000
TAMAN RASAH JAYA V,Rasah,Negeri Sembilan,182,1,0,1,0,0,0,0,0,0,0,0,300000
PUTRAJAYA PRESINT 11,Putrajaya,Putrajaya,465,1,0,1,0,1,0,0,0,0,0,0,880000
Taman LTAT,Bukit Jalil,Kuala Lumpur,304,0,1,0,0,0,0,0,0,0,1,0,220000
TAMAN KRUBONG PERDANA,Krubong,Melaka,317,1,0,1,0,0,1,0,0,0,0,0,443800
TAMAN TANGGA BATU PERDANA,Tanjong Kling,Melaka,193,0,1,1,0,0,0,0,0,0,0,0,308000
DESA SETAPAK,Wangsa Maju,Kuala Lumpur,659,1,0,1,0,0,0,0,0,0,0,0,413500
"TAMAN LEKIR DAMAI, KAMPUNG KOH",Sitiawan,Perak,178,1,0,1,0,0,0,0,0,0,0,0,279400
TAMAN KLEDANG MAS,Ipoh,Perak,230,0,1,1,0,0,0,0,0,0,0,0,320000
TAMAN HALAMAN INDAH,Sungai Jawi,Penang,248,1,0,1,0,0,0,0,0,0,0,0,340000
TAMAN AMALINA LESTARI,Raub,Pahang,168,0,1,1,0,0,0,0,0,0,0,0,200000
TAMAN ANGGUN,Rawang,Selangor,409,1,0,1,0,0,0,0,0,0,0,0,837000
TAMAN TOK MUDA SEJAHTERA,Kapar,Selangor,295,1,0,1,0,0,0,0,0,0,0,0,378000
TABUAN JAYA,Kuching,Sarawak,216,0,1,1,0,1,0,0,0,0,0,0,625000
DIAMOND RESIDENCE,Semenyih,Selangor,366,1,0,1,0,1,0,0,0,0,0,0,675000
TAMAN SRI KLUANG,Kluang,Johor,210,1,0,1,0,0,0,0,0,0,0,0,307500
Flat Taman Alam Megah,Shah Alam,Selangor,280,1,0,0,0,0,0,0,1,0,0,0,169000
TAMAN MUDA,Ampang,Selangor,590,0,1,1,0,0,0,0,0,0,0,0,500000
TAMAN BIDARA,Bukit Mertajam,Penang,282,1,0,1,0,0,0,0,0,0,0,0,279000
TAMAN INTAN,Kluang,Johor,188,1,0,1,0,0,0,0,0,0,0,0,220000
Flat PKNS Section 7,Shah Alam,Selangor,330,0,1,0,0,0,0,0,1,0,0,0,230000
TAMAN SRI SENTOSA,Klang,Selangor,346,1,0,1,0,0,0,0,0,1,0,0,420000
Desa Lembah Permai,Ampang,Selangor,102,0,1,0,0,0,0,0,1,0,0,0,67000
TAMAN BAYU PERDANA,Klang,Selangor,368,1,0,1,0,0,0,0,0,0,0,0,560000
TAMAN DESA BUKIT PERMATA,Kapar,Selangor,191,1,0,1,0,0,0,0,0,0,0,0,460000
ARDEN HILL @SEREMBAN FOREST HEIGHTS,Ampangan,Negeri Sembilan,418,1,0,1,0,0,0,0,0,0,0,0,614500
SEKSYEN 17 SHAH ALAM,Shah Alam,Selangor,301,1,1,1,1,0,0,0,0,0,0,0,416000
TAMAN SUNGAI BESI INDAH,Seri Kembangan,Selangor,352,1,1,1,0,0,1,0,0,0,0,0,480000
TAMAN TAN SRI FUZI,Seri Iskandar,Perak,163,1,0,1,0,0,0,0,0,0,0,0,228000
Vista Mutiara,Kepong,Kuala Lumpur,364,0,1,0,0,0,0,0,0,0,1,0,379000
TAMAN SATRIA JAYA,Kuching,Sarawak,284,0,1,1,0,0,0,0,0,0,0,0,580000
MUKIM MACHANG,Machang,Kelantan,97,1,0,0,0,0,1,0,0,0,0,0,342500
TAMAN KELADI FASA 2,Sungai Petani,Kedah,176,1,0,1,0,0,0,0,0,0,0,0,215000
TAMAN MUHIBAH,Kulai,Johor,342,1,0,1,0,0,0,0,0,0,0,0,290000
Pinang Emas,Batu Ferringhi,Penang,304,1,0,0,0,0,0,0,0,0,1,0,170000
BANDAR BESTARI PERMAI,Kuala Ketil,Kedah,136,1,0,1,0,0,0,0,0,0,0,0,237500
Sri Kenari Apartment,Johor Bahru,Johor,350,0,1,0,0,0,0,0,1,0,1,0,320000
Taman Air Itam,Ayer Itam,Penang,402,1,0,0,0,0,0,0,1,0,0,0,270000
USJ 9,Subang Jaya,Selangor,484,1,0,1,0,0,0,0,0,0,0,0,850000
PERKAMPUNGAN SRI MAHKOTA AMAN,Kuantan,Pahang,156,1,0,1,0,0,0,0,0,0,0,0,250000
Dahlia,Serendah,Selangor,214,0,1,0,0,0,0,0,0,0,1,0,150000
PUNCAK BOUGAINVILLEA,Padang Rengas,Perak,187,1,0,1,0,0,0,0,0,0,0,0,274440
PERKAMPUNGAN KERTIH,Kerteh,Terengganu,83,1,1,0,0,1,1,0,0,0,0,0,360000
PJS 9,Bandar Sunway,Selangor,549,0,1,1,0,0,0,0,0,0,0,0,940000
BANDAR BARU KAMPAR,Kampar,Perak,195,0,1,1,0,0,0,0,0,0,0,0,272500
TAMAN MANTIN PUTRA,Mantin,Negeri Sembilan,160,1,0,1,0,1,0,0,0,0,0,0,550000
TAMAN TUNKU SARINA,Jitra,Kedah,182,1,0,1,0,0,0,0,0,0,0,0,325000
TAMAN INDAH PERMAI,Kota Kinabalu,Sabah,335,0,1,1,0,0,0,0,0,0,0,0,520000
Bandar Tasik Selatan (Low Cost),Bandar Tasik Selatan,Kuala Lumpur,282,0,1,0,0,0,0,0,1,0,0,0,190000
TAMAN PAKATAN JAYA,Tambun,Perak,245,0,1,1,0,0,0,0,0,0,0,0,302500
D'Esplanade Residence,Johor Bahru,Johor,673,1,0,0,0,0,0,1,0,0,0,0,550000
TAMAN BAKTI [YNS],Labu,Negeri Sembilan,67,1,0,1,0,0,0,0,0,0,0,0,80000
RPA RIMBA PANJANG,Sungai Siput,Perak,77,0,1,1,0,0,0,0,0,0,0,0,115000
Metropolitan Square,Damansara Perdana,Selangor,445,0,1,0,0,0,0,1,0,0,0,0,460000
Fair View Apartment,Permas Jaya,Johor,342,1,0,0,0,0,0,0,0,0,1,0,360000
Atlantis Residences (Pangsapuri Atlantis Kota Syahbandar),Melaka City,Melaka,457,0,1,0,0,0,0,1,0,0,0,0,330000
Putra Damai,Putrajaya,Putrajaya,357,1,0,0,0,0,0,0,1,0,0,0,250000
TAMAN BUKIT MEWAH,Tampoi,Johor,415,1,0,1,0,0,0,0,0,0,0,0,540000
TAMAN TASIK PERDANA,Pengkalan Hulu,Perak,157,0,1,1,0,0,0,0,0,0,0,0,188000
Desa Pinang 2,Jelutong,Penang,423,0,1,0,0,0,0,0,1,0,0,0,257500
TAMAN DELIMA,Kluang,Johor,153,1,0,1,0,1,1,0,0,0,0,0,360000
UDA UTAMA,Skudai,Johor,324,1,0,1,0,0,1,0,0,0,0,0,600000
Flat Taman Pelangi Indah,Ulu Tiram,Johor,228,1,0,0,0,0,0,0,1,0,0,0,150000
M'tiara,Johor Bahru,Johor,420,0,1,0,0,0,0,0,0,0,1,0,420000
Taman Bukit Jambul,Bukit Jambul,Penang,311,1,0,0,0,0,0,0,1,0,0,0,263000
TAMAN BERTAM SETIA,Tanjong Minyak,Melaka,203,1,0,1,0,1,0,0,0,0,0,0,344000
TAMAN GUAR PERAHU (TAMAN BERKAT),Kubang Semang,Penang,241,1,0,1,0,0,0,0,0,0,0,0,292500
TAMAN RAIA SENTOSA (PRIMA SUNGAI RAYA),Simpang Pulai,Perak,219,0,1,1,0,0,0,0,0,0,0,0,285000
TAMAN TUALANG INDAH,Mentakab,Pahang,144,1,0,1,0,0,0,0,0,0,0,0,210000
TAMAN MERU 2B (FASA I-IV),Ipoh,Perak,247,0,1,1,0,0,0,0,0,0,0,0,280000
TAMAN KEMPAS,Tampoi,Johor,311,1,0,1,0,0,0,0,0,0,0,0,390000
TAMAN RIANG DIAWAN,Kampar,Perak,171,0,1,1,0,0,0,0,0,0,0,0,239800
Sandilands,Georgetown,Penang,623,1,0,0,0,0,0,0,0,0,0,1,838000
TAMAN SERI MENGKUANG,Kuala Selangor,Selangor,222,1,0,1,0,0,0,0,0,0,0,0,342500
TAMAN SAGA,Kulim,Kedah,166,1,0,1,0,1,0,0,0,0,0,0,269500
TAMAN CASSIA,Alor Setar,Kedah,117,1,0,0,0,1,0,0,0,0,0,0,300000
TAMAN SCIENTEX SENAI,Senai,Johor,446,1,0,1,0,0,0,0,0,0,0,0,480000
TAMAN KIEN LEONG/KIM CHUAN,Klang,Selangor,325,1,0,1,0,0,0,0,0,0,0,0,500000
BANDAR SRI INDAH,Tawau,Sabah,169,0,1,1,0,0,0,0,0,0,0,0,385000
TAMAN SRI ANGGERIK,Rantau,Negeri Sembilan,122,1,1,1,0,0,0,0,0,0,0,0,190000
TAMAN ANGGERIK,Tampoi,Johor,357,1,0,1,0,0,0,0,0,0,0,0,335000
TTDI JAYA,Shah Alam,Selangor,382,1,0,1,0,0,0,0,0,0,0,0,600000
SuriaMas Suites,Johor Bahru,Johor,426,0,1,0,0,0,0,1,0,0,0,0,400000
Lakeview Apartments,Selayang,Selangor,324,0,1,0,0,0,0,0,0,0,1,0,282500
TAMAN BANDAR BARU LAHAT,Lahat,Perak,239,0,1,1,0,0,0,0,0,0,0,0,255100
TAMAN AMANSARA (AMANSARA SOUTH),Kepala Batas,Penang,268,1,0,1,0,0,0,0,0,0,0,0,481287
Taman Desa Cheras,Cheras,Kuala Lumpur,165,1,0,0,0,0,0,0,1,0,0,0,110000
TAMAN DAMAI JAYA,Skudai,Johor,387,1,0,1,0,0,0,0,0,0,0,0,325000
TAMAN MUTIARA GADING (TR 277),Batu Pahat,Johor,354,1,0,1,0,0,0,0,0,0,0,0,495805
Mutiara Idaman 1,Jelutong,Penang,452,0,1,0,0,0,0,0,1,0,0,0,282000
TAMAN TASEK MUTIARA,Ipoh,Perak,250,1,0,1,0,0,0,0,0,0,0,0,370000
Pangsapuri Nusa Indah,Bukit Mertajam,Penang,173,1,0,0,0,0,0,0,0,0,1,0,130000
Bayu Villa,Klang,Selangor,346,1,0,0,0,0,0,0,0,0,1,0,300000
Straits View Condominium,Permas Jaya,Johor,304,1,0,0,0,0,0,0,0,0,0,1,495000
TROPICANA HEIGHTS,Kajang,Selangor,455,1,0,1,0,0,0,0,0,1,0,0,833300
BANDAR PARKLANDS,Klang,Selangor,430,1,0,1,0,0,0,0,0,0,0,0,879000
TAMAN MERAK,Simpang Ampat,Penang,291,1,0,1,0,0,0,0,0,0,0,0,297500
BANDAR BARU TANGKAK,Tangkak,Johor,107,1,0,1,1,0,0,0,0,0,0,0,288800
TAMAN SEMARANG TROPIKA,Dengkil,Selangor,457,0,1,1,0,0,0,0,0,0,0,0,640000
Taman Pandan Cahaya,Ampang,Selangor,275,0,1,0,0,0,0,0,1,0,0,0,170000
TAMAN KLEBANG MUTIARA,Ipoh,Perak,214,0,1,1,0,0,0,0,0,0,0,0,300000
TAMAN ANJUNG GAPAM,Bemban,Melaka,136,0,1,0,0,0,1,0,0,0,0,0,632000
SS17,Subang Jaya,Selangor,471,1,0,1,0,0,0,0,0,0,0,0,880000
TAMAN KLUANG INDAH,Kluang,Johor,209,1,0,1,0,0,0,0,0,0,0,0,250000
TAMAN KASA HEIGHTS,Alor Gajah,Melaka,173,1,0,1,1,0,0,0,0,1,0,0,205000
TAMAN BUKIT RANGIN PERDANA 1 & 2,Kuantan,Pahang,173,0,1,1,0,0,0,0,0,0,0,0,225000
TAMAN SCIENTEX UTAMA,Kulai,Johor,426,1,0,1,0,0,0,0,0,0,0,0,500000
BANDAR BUKIT MAHKOTA,Bangi,Selangor,337,1,0,1,1,1,0,0,0,0,0,0,447500
TAMAN WANGSA INDAH,Batu Pahat,Johor,311,1,0,1,0,1,0,0,0,0,0,0,646076
Miami Green,Batu Ferringhi,Penang,447,1,0,0,0,0,0,0,0,0,0,1,530000
TAMAN KERUING,Batang Kali,Selangor,198,0,1,1,0,0,0,0,0,0,0,0,300000
"TAMAN MESRA, OFF JALAN SUNGAI JATI",Klang,Selangor,349,1,0,1,0,1,0,0,0,0,0,0,506100
TAMAN AKASIA (ACACIA HEIGHTS),Kluang,Johor,208,1,0,0,1,1,0,0,0,0,0,0,610500
TAMAN KLEBANG PUTRA,Ipoh,Perak,209,1,0,1,0,0,0,0,0,0,0,0,317600
MAJIDEE PARK,Johor Bahru,Johor,189,1,0,0,0,1,1,0,0,0,0,0,935000
Villa Wangsamas,Wangsa Maju,Kuala Lumpur,386,1,0,0,0,0,0,0,0,0,0,1,500000
TAMAN PARKLAND,Kluang,Johor,107,1,0,1,0,0,0,0,0,0,0,0,150000
Cybersquare,Cyberjaya,Selangor,476,1,0,0,0,0,0,1,0,0,0,0,250000
Desa Idaman Residences,Puchong,Selangor,432,1,0,0,0,0,0,0,0,0,1,0,450000
TAMAN CHERAS IDAMAN,Cheras,Selangor,473,1,1,1,0,0,0,0,0,0,0,0,830000
Bandar Damai Perdana (Low Cost),Cheras,Selangor,458,1,0,0,0,0,0,0,0,0,0,1,457500
Wisma 2020,Muar,Johor,220,1,0,0,0,0,0,0,0,0,1,0,155000
Puncak Seri Kelana,Ara Damansara,Selangor,400,0,1,0,0,0,0,0,0,0,0,1,420000
Bandar Baru Permas Jaya,Permas Jaya,Johor,232,1,0,0,0,0,0,0,1,0,0,0,172500
Taman Melor,Tampoi,Johor,232,0,1,0,0,0,0,0,1,0,0,0,115000
Forest Green,Bandar Sungai Long,Selangor,599,1,0,0,0,0,0,0,0,0,0,1,600000
TAMAN BUKIT KAYA,Bukit Kepayang,Negeri Sembilan,151,1,0,1,0,0,0,0,0,0,0,0,300000
TAMAN SAUJANA MANJUNG,Sitiawan,Perak,279,0,1,1,0,1,0,0,0,0,0,0,329890
BANDAR BUKIT TINGGI,Klang,Selangor,468,1,0,1,0,0,0,0,0,0,0,0,750000
Mutiara Ville,Cyberjaya,Selangor,400,1,0,0,0,0,0,1,0,0,0,0,400000
TAMAN CAHAYA SURIA,Alor Setar,Kedah,206,1,0,1,0,1,0,0,0,0,0,0,311111
Taman Bunga Negara,Shah Alam,Selangor,287,1,0,0,0,0,0,0,1,0,0,0,207500
PERUMAHAN MAKMUR GAMBANG JAYA 1 (PRIMA),Kuantan,Pahang,79,0,1,0,0,1,0,0,0,0,0,0,230000
BANDAR LAHAT MINES,Lahat,Perak,232,0,1,0,1,0,0,0,0,0,0,0,499440
TAMAN GEMBIRA,Tampoi,Johor,283,1,0,1,0,0,0,0,0,0,0,0,432500
TAMAN IMPIAN INDAH,Bukit Mertajam,Penang,310,1,0,1,0,0,0,0,0,0,0,0,375000
TAMAN ZAMRUD,Parit Buntar,Perak,191,1,1,1,0,0,0,0,0,0,0,0,366075
TAMAN SELATAN,Klang,Selangor,296,1,0,1,0,0,0,0,0,0,0,0,655000
Midfields,Sungai Besi,Kuala Lumpur,386,0,1,0,0,0,0,0,0,0,0,1,450000
Taman Semarak II,Nilai,Negeri Sembilan,177,1,0,0,0,0,0,0,1,0,0,0,120000
TAMAN DELIMA,Tebrau,Johor,256,1,1,1,0,1,0,0,0,0,0,0,425000
TAMAN BUKIT KOMAN 2,Raub,Pahang,208,0,1,1,0,0,0,0,0,0,0,0,297600
ELMINA EAST,Shah Alam,Selangor,547,1,0,1,0,1,0,0,0,0,0,0,921500
TAMAN ANGGERIK HEIGHTS,Bentong,Pahang,242,1,0,1,0,0,0,0,0,0,0,0,338000
Cherry,Ipoh,Perak,180,1,0,0,0,0,0,0,0,0,1,0,137500
BANDAR AMANJAYA (ZON KENANGA),Sungai Petani,Kedah,136,1,0,0,0,1,0,0,0,0,0,0,320000
TAMAN LAHAT SENTOSA (MOSEY HILL),Ipoh,Perak,207,0,1,1,0,0,0,0,0,0,0,0,399880
TAMAN SUNGAI RAMBAI MESRA,Sungai Rambai,Melaka,136,1,0,0,1,0,0,0,0,0,0,0,367000
TAMAN NILAM SARI,Seremban,Negeri Sembilan,317,0,1,1,0,0,0,0,0,0,0,0,411800
VISION HOMES,Seremban 2,Negeri Sembilan,274,1,0,0,1,0,0,0,0,0,0,0,550000
TAMAN PERDANA (CASA PERDANA),Simpang Ampat,Penang,374,1,0,1,0,1,0,0,0,0,0,0,575000
TAMAN DESA SKUDAI,Skudai,Johor,222,1,0,1,0,0,0,0,0,0,0,0,455000
TAMAN SINAR PELANGI,Batu Pahat,Johor,341,1,0,1,0,0,0,0,0,0,0,0,594150
Rumah Pangsa Akasia,Ulu Tiram,Johor,232,1,0,0,0,0,0,0,1,0,0,0,135000
TAMAN SAUJANA HARMONI,Batu Gajah,Perak,180,0,1,1,0,0,0,0,0,0,0,0,288000
Sky Gardens Residences,Tampoi,Johor,413,1,0,0,0,0,0,1,0,0,0,0,435000
Casa Tiara Serviced Apartment,Subang Jaya,Selangor,550,1,0,0,0,0,0,1,0,0,0,0,416500
Iskandar Residences,Iskandar Puteri (Nusajaya),Johor,601,1,0,0,0,0,0,0,0,0,0,1,873000
Apartment Seri Tulip,Serendah,Selangor,198,1,0,0,0,0,0,0,0,0,1,0,160000
NUSARI AMAN 1,Bandar Sri Sendayan,Negeri Sembilan,247,1,0,1,0,0,0,0,0,0,0,0,345000
RPR SUNGAI PLAN,Bintulu,Sarawak,196,0,1,1,0,0,0,0,0,0,0,0,270000
TAMAN PUNCAK JELAPANG MAJU,Ipoh,Perak,195,0,1,1,0,1,0,0,0,0,0,0,290000
Subang Perdana Goodyear Court 7,Subang Jaya,Selangor,393,1,0,0,0,0,0,0,0,0,1,0,376500
TAMAN EHSAN,Kepong,Selangor,305,0,1,1,0,0,0,0,0,0,0,0,505000
TAMAN SERI BAYU 2,Sungai Lalang,Kedah,268,1,0,1,0,0,0,0,0,0,0,0,320000
Pangsapuri Saujana Permai 1,Kajang,Selangor,310,1,0,0,0,0,0,0,0,0,1,0,310000
RENDANG EXORA (PEC LOT 24818),Pekan,Pahang,186,1,0,1,0,0,0,0,0,0,0,0,260000
TAMAN DESA JASMIN,Nilai,Negeri Sembilan,210,1,0,1,0,0,0,0,0,0,0,0,334500
YARRA PARK (RESIDENSI SINAR),Sungai Petani,Kedah,143,1,0,1,0,0,0,0,0,0,0,0,200000
BANDAR TASIK IDAMAN,Batu Gajah,Perak,270,0,1,1,0,0,0,0,0,0,0,0,440300
TAMAN BUKIT RAHMAN PUTRA,Rawang,Selangor,404,1,0,1,0,0,0,0,0,0,0,0,680000
TAMAN DESA DAMAI,Bukit Mertajam,Penang,281,1,0,1,0,1,0,0,0,0,0,0,499800
TAMAN KOTA PERMAI,Bukit Mertajam,Penang,300,1,0,1,0,1,0,0,0,0,0,0,470000
Mutiara Condominium,Bukit Mertajam,Penang,351,1,0,0,0,0,0,0,0,0,0,1,260000
PINGGIRAN BAYU (MANTAU),Rasah,Negeri Sembilan,349,1,0,1,0,0,0,0,0,0,0,0,488000
BANDAR AMANJAYA (ZON SEROJA),Sungai Petani,Kedah,180,1,0,1,0,0,0,0,0,0,0,0,220000
Anggerik Villa 2,Kajang,Selangor,198,1,0,0,0,0,0,0,0,0,1,0,220000
TAMAN MURNI,Batu Pahat,Johor,233,1,0,1,0,0,0,0,0,0,0,0,327500
TAMAN BAYU MUTIARA,Bukit Mertajam,Penang,426,1,0,1,0,1,0,0,0,0,0,0,650000
Suria Kipark Damansara,Kepong,Selangor,454,1,0,0,0,0,0,0,0,0,1,0,445000
PD Perdana,Port Dickson,Negeri Sembilan,126,1,0,0,0,0,0,0,0,0,1,0,95000
TAMAN SRI SETIA,Johor Bahru,Johor,289,1,0,1,0,1,0,0,0,0,0,0,738000
Bandar Baru Uda,Johor Bahru,Johor,289,0,1,0,0,0,0,0,1,0,0,0,161500
TAMAN CHERAS JAYA,Balakong,Selangor,249,0,1,1,0,0,0,0,0,0,0,0,425000
Pangsapuri Perdana Villa,Klang,Selangor,310,1,0,0,0,0,0,0,0,0,1,0,300000
TAMAN CAHAYA KRISTAL II,Bandar Baharu,Kedah,152,1,0,0,0,1,0,0,0,0,0,0,438488
LEMBAH BERINGIN,Kuala Kubu Baru,Selangor,70,1,0,1,0,0,0,0,0,0,0,0,155000
TAMAN NUSA IDAMAN,Iskandar Puteri (Nusajaya),Johor,368,1,0,0,0,1,0,0,0,0,0,0,780000
TAMAN BUKIT TIRAM,Ulu Tiram,Johor,366,1,0,1,0,0,0,0,0,0,0,0,380000
TAMAN SCIENTEX KULAI 2,Kulai,Johor,281,1,0,1,1,0,0,0,0,0,0,0,440000
TAMAN SELAYANG JAYA,Selayang,Selangor,551,1,0,1,0,0,0,0,0,0,0,0,680000
TAMAN BEMBAN SETIA,Batu Gajah,Perak,166,0,1,1,0,0,0,0,0,0,0,0,240000
TAMAN PUTRA INDAH,Ipoh,Perak,180,1,0,1,0,0,0,0,0,0,0,0,240000
Permas Ville Apartment,Permas Jaya,Johor,345,1,0,0,0,0,0,0,0,0,1,0,400000
TAMAN INTAN PERDANA,Telok Kemang,Negeri Sembilan,154,1,1,1,0,0,0,0,0,0,0,0,220000
TAMU HILL PARK,Batang Kali,Selangor,244,1,0,1,0,0,0,0,0,0,0,0,400000
TAMAN WANGSA PERMAI (P/L 13367),Lumut,Perak,178,1,0,0,0,1,0,0,0,0,0,0,498800
TAMAN DESA RISHAH INDAH,Ipoh,Perak,261,0,1,1,0,0,0,0,0,0,0,0,449000
HIJAYU 1,Bandar Sri Sendayan,Negeri Sembilan,283,1,0,1,0,0,0,0,0,0,0,0,500000
Sri Impian Apartment,Ayer Itam,Penang,392,0,1,0,0,0,0,0,0,0,1,0,278000
PR1MA @ PORT DICKSON,Lukut,Negeri Sembilan,210,1,0,1,0,0,0,0,0,0,0,0,287850
NUSAVILLA,Iskandar Puteri (Nusajaya),Johor,320,1,0,0,0,0,0,0,0,1,0,0,500000
Apartment Seri Bakawali,Serendah,Selangor,54,1,0,0,0,0,0,0,0,0,1,0,36000
TAMAN CHERAS PERDANA,Cheras,Selangor,361,1,0,1,0,0,0,0,0,0,0,0,445000
TAMAN PENGKALAN MINYAK DAMAI,Ayer Molek,Melaka,129,1,0,1,1,0,0,0,0,0,0,0,337834
Golden Hills Resort (Amber Court Apartment),Genting Highlands,Pahang,232,1,0,0,0,0,0,0,0,0,1,0,211500
Taman Setia Jaya,Alor Setar,Kedah,124,1,0,0,0,0,0,0,1,0,0,0,68000
USJ One Avenue Condo,Subang Jaya,Selangor,372,0,1,0,0,0,0,0,0,0,0,1,500000
TAMAN KLUANG PERDANA,Kluang,Johor,110,1,0,1,0,1,0,0,0,0,0,0,199900
TAMAN CRESCENTIA,Batu Kawan,Penang,278,0,1,1,1,0,0,0,0,0,0,0,350000
TAMAN KOPERASI MUHIBBAH,Kluang,Johor,182,1,0,1,0,0,0,0,0,0,0,0,180000
Sri Penara,Cheras,Kuala Lumpur,433,0,1,0,0,0,0,0,0,0,1,0,280000
TAMAN PERTAM JAYA,Melaka City,Melaka,402,0,1,1,0,0,0,0,0,0,0,0,580000
TAMAN JENDERAM SUTERA,Dengkil,Selangor,418,1,0,1,0,0,0,0,0,0,0,0,585000
TAMAN MAWAR INDAH,Raub,Pahang,131,1,0,0,0,1,0,0,0,0,0,0,420000
TAMAN BUKIT,Bukit Mertajam,Penang,248,1,0,0,0,1,0,0,0,0,0,0,620000
TAMAN DESA JAYA,Kepong,Selangor,349,0,1,1,0,0,0,0,0,0,0,0,500000
TAMAN MALIHAH,Kuching,Sarawak,133,0,1,1,0,0,0,0,0,0,0,0,248000
TAMAN SINTAR INDAH,Nibong Tebal,Penang,251,1,0,1,0,1,0,0,0,0,0,0,340000
TAMAN SRI PERDANA,Lahad Datu,Sabah,191,0,1,1,0,1,0,0,0,0,0,0,550000
Regalia Residence,KL City,Kuala Lumpur,679,1,0,0,0,0,0,1,0,0,0,0,616505
"TAMAN MELATI INDAH, PUNDUT",Lumut,Perak,270,1,0,1,0,0,0,0,0,0,0,0,420000
Pangsapuri Wira,Cheras,Selangor,313,1,0,0,0,0,0,0,0,0,1,0,256000
Juta Mines,Seri Kembangan,Selangor,370,0,1,0,0,0,0,0,0,0,0,1,450000
Pangsapuri Persiaran Tanjung,Tampoi,Johor,297,0,1,0,0,0,0,0,0,0,1,0,285000
BANDAR SERI ALAM,Pasir Gudang,Johor,361,1,0,1,0,0,0,0,0,0,0,0,340000
BEHRANG 2020 / TAMAN WAWASAN,Ulu Bernam,Perak,198,1,0,1,0,0,0,0,0,0,0,0,252500
TAMAN SEROJA,Sepang,Selangor,156,0,1,1,0,0,0,0,0,0,0,0,400000
TAMAN SAUJANA INDAH,Bukit Katil,Melaka,194,1,0,1,0,1,0,0,0,1,0,0,315000
TAMAN LANGAT UTAMA 2,Tanjong Duabelas,Selangor,244,0,1,1,0,0,0,0,0,0,0,0,435000
Taman Cempaka,Tampoi,Johor,246,0,1,0,0,0,0,0,1,0,0,0,136000
TAMAN JASMIN [SENAWANG],Senawang,Negeri Sembilan,153,0,1,1,0,0,0,0,0,1,0,0,150000
Taman Bunga Raya,Serendah,Selangor,187,0,1,0,0,0,0,0,1,0,0,0,130000
POLO PARK,Johor Bahru,Johor,272,1,0,0,0,0,0,0,0,1,0,0,320000
BANDAR NUSA RHU,Shah Alam,Selangor,400,0,1,1,0,0,1,0,0,0,0,0,591500
Tasik Heights Apartment,Bandar Tasik Selatan,Kuala Lumpur,332,0,1,0,0,0,0,0,0,0,1,0,290000
The Loft @ Zetapark,Setapak,Kuala Lumpur,465,0,1,0,0,0,0,1,0,0,0,0,500000
Desa Skudai Apartment,Skudai,Johor,281,1,0,0,0,0,0,0,0,0,1,0,330000
TAMAN MALURI,Cheras,Kuala Lumpur,303,0,1,1,0,0,0,0,0,0,0,0,780000
Desa Impiana,Puchong,Selangor,340,1,0,0,0,0,0,0,0,0,0,1,400000
TAMAN SETIA JAYA,Batu Pahat,Johor,234,1,0,1,0,0,0,0,0,0,0,0,380000
LOT 11666-11704 PERUMAHAN BALOK PERDANA,Sungai Karang,Pahang,205,0,1,1,0,0,0,0,0,0,0,0,315000
Casa Tropicana,Tropicana,Selangor,464,0,1,0,0,0,0,0,0,0,0,1,540000
TAMAN PD UTAMA,Port Dickson,Negeri Sembilan,136,1,0,1,0,0,0,0,0,0,0,0,195000
Puncak Erskine,Tanjong Tokong,Penang,290,1,0,0,0,0,0,0,0,0,1,0,175000
TAMAN MENTAKAB INDAH,Mentakab,Pahang,101,1,0,1,0,0,0,0,0,0,0,0,105500
TAMAN BUKIT SERINDIT,Melaka City,Melaka,219,1,0,0,0,1,1,0,0,0,0,0,392500
TAMAN BANDAR UNIVERSITI PARIT RAJA,Batu Pahat,Johor,209,1,0,1,0,0,0,0,0,0,0,0,326970
TAMAN SEMANTAN INDAH,Mentakab,Pahang,146,1,0,1,0,0,0,0,0,0,0,0,257500
TAMAN PERLING LABIS- TR 74,Labis,Johor,224,1,0,1,0,0,0,0,0,0,0,0,386400
TAMAN AMAN 3,Lahad Datu,Sabah,176,0,1,1,0,0,0,0,0,0,0,0,375000
TAMAN RAUB JAYA 3,Raub,Pahang,251,1,0,1,0,0,0,0,0,0,0,0,272500
SEKSYEN 8 BANDAR BARU BANGI,Bangi,Selangor,384,0,1,1,0,0,0,0,0,0,0,0,590000
Angkasa Apartment,Kota Kinabalu,Sabah,353,0,1,0,0,0,0,0,0,0,1,0,300000
BANDAR BARU KUANTAN PUTRI,Kuantan,Pahang,159,0,1,1,0,0,0,0,0,0,0,0,202500
TAMAN SURIA (SUN LAND RESIDENCE),Ipoh,Perak,329,0,1,1,0,0,0,0,0,0,0,0,548000
Perdana Exclusive,Damansara Perdana,Selangor,380,0,1,0,0,0,0,0,0,0,0,1,340000
TAMAN DESA INTAN,Kapar,Selangor,322,1,1,1,0,0,0,0,0,0,0,0,423250
TAMAN PENGKALAN PRISMA,Batu Gajah,Perak,168,0,1,1,0,0,0,0,0,0,0,0,290000
TAMAN NUSANTARA PRIMA,Gelang Patah,Johor,337,1,0,1,1,0,0,0,0,0,0,0,675000
TAMAN PUSING SAKURA,Batu Gajah,Perak,236,0,1,1,0,0,0,0,0,0,0,0,330880
TAMAN SAUJANA PUCHONG,Puchong,Selangor,374,1,1,1,0,0,0,0,0,0,0,0,531000
TAMAN JATI,Batu Berendam,Melaka,269,1,1,1,0,0,0,0,0,0,0,0,380000
SEKSYEN 18,Petaling Jaya,Selangor,162,1,1,1,0,0,1,0,0,0,0,0,695000
PARK AVENUE @ SEREMBAN 2,Seremban 2,Negeri Sembilan,207,1,0,1,0,1,1,0,0,0,0,0,580000
Subang Perdana Goodyear Court 6,Subang Jaya,Selangor,345,1,0,0,0,0,0,0,0,0,1,0,282500
TAMAN ANGSAMAS 2,Rasah,Negeri Sembilan,67,1,0,1,0,0,0,0,0,0,0,0,80000
Desa Bayan Apartment,Bayan Lepas,Penang,486,1,0,0,0,0,0,0,0,0,1,0,345000
TAMAN DESA SAUJANA,Arau,Perlis,205,1,0,1,0,1,0,0,0,0,0,0,414428
TAMAN PERMAI BIDOR,Bidor,Perak,153,0,1,1,1,1,0,0,0,0,0,0,364000
Taman Bagan,Butterworth,Penang,222,1,0,0,0,0,0,0,1,0,0,0,115000
DESA SEJIJAK,Kuching,Sarawak,166,0,1,1,0,0,0,0,0,0,0,0,176050
Taman Tun Teja,Rawang,Selangor,264,0,1,0,0,0,0,0,1,0,0,0,215000
TAMAN DESARIA,Nilai,Negeri Sembilan,177,1,0,1,0,0,0,0,0,0,0,0,310000
TAMAN MAWAR,Pasir Gudang,Johor,313,0,1,1,0,0,0,0,0,0,0,0,390000
TAMAN MERDEKA FASA 1D,Batu Berendam,Melaka,232,0,1,1,0,0,0,0,0,0,0,0,275000
The Platino Serviced Apartment,Tampoi,Johor,666,1,0,0,0,0,0,1,0,0,0,0,601900
Beverly Hills 5,Kota Kinabalu,Sabah,402,0,1,0,0,0,0,0,0,0,1,0,185000
TAMAN BERTAM PUTRA,Tanjong Minyak,Melaka,311,1,0,1,0,0,0,0,0,0,0,0,488000
LEX LIVING,Ipoh,Perak,323,1,0,1,0,0,0,0,0,0,0,0,568880
TAMAN AUSTIN PERDANA,Tebrau,Johor,434,1,0,1,0,1,0,0,0,0,0,0,670000
Hann's Residence,Sibu,Sarawak,593,0,1,0,0,0,0,0,0,0,1,0,450000
OVERSEAS UNION GARDEN,Jalan Klang Lama (Old Klang Road),Kuala Lumpur,519,1,0,1,0,0,1,0,0,0,0,0,923000
GARDEN HOMES @ SEREMBAN 2,Seremban 2,Negeri Sembilan,220,1,0,1,0,0,0,0,0,0,0,0,370000
Flat Danau Kota,Setapak,Kuala Lumpur,271,0,1,0,0,0,0,0,1,0,0,0,190000
BANDAR SEBERANG JAYA,Seberang Jaya,Penang,294,0,1,1,0,0,0,0,0,0,0,0,280000
TAMAN SAGA,Senai,Johor,259,1,0,1,0,0,0,0,0,0,0,0,270000
TAMAN MUTIARA PERDANA,Batu Pahat,Johor,206,1,0,1,0,1,0,0,0,0,0,0,573000
TAMAN LUKUT ERA,Lukut,Negeri Sembilan,217,1,0,1,0,0,0,0,0,0,0,0,418000
TAMAN EHSAN JAYA,Ulu Tiram,Johor,499,0,1,1,0,0,0,0,0,0,0,0,670000
TAMAN SRI PULAI PERDANA,Kulai,Johor,382,1,0,1,0,0,0,0,0,0,0,0,499000
One Foresta,Bayan Lepas,Penang,492,1,0,0,0,0,0,0,0,0,0,1,450000
TAMAN SRI PUTRA,Banting,Selangor,220,1,1,1,0,0,0,0,0,0,0,0,342500
DESA PENGKALAN BERSATU,Ipoh,Perak,241,0,1,1,0,0,0,0,0,0,0,0,309800
TAMAN JUASSEH SENTOSA FASA 2,Juasseh,Negeri Sembilan,158,1,0,1,0,0,0,0,0,0,0,0,249800
TAMAN PARIT BAKAR INDAH-TR.149,Muar,Johor,282,1,0,1,0,0,0,0,0,0,0,0,498000
PUTERI RESIDENCE,Sungai Petani,Kedah,131,1,0,0,0,1,0,0,0,0,0,0,420000
TAMAN PUCHONG PERDANA,Puchong,Selangor,342,0,1,1,0,0,0,0,0,0,0,0,375000
TAMAN PERMAI INDAH FASA 2,Kuala Lipis,Pahang,115,1,0,1,0,1,0,0,0,0,0,0,326300
TAMAN BUKIT RAHMAN PUTRA,Sungai Buloh,Selangor,424,1,0,1,1,0,0,0,0,0,0,0,700000
TAMAN BUKIT RAMBAI (BARU),Bukit Rambai,Melaka,182,1,0,1,0,1,0,0,0,0,0,0,280000
PERMAIPURA VILLA,Sungai Lalang,Kedah,98,1,0,0,0,0,1,0,0,0,0,0,548000
Seri Austin Residence (Pangsapuri Seri Austin),Tebrau,Johor,436,1,0,0,0,0,0,0,0,0,1,0,388000
Grace Residence,Jelutong,Penang,592,1,0,0,0,0,0,0,0,0,0,1,780000
TAMAN VISTA JAYA,Port Dickson,Negeri Sembilan,140,0,1,1,0,0,0,0,0,0,0,0,175000
TAMAN SEREMBAN 3,Rasah,Negeri Sembilan,231,1,0,1,0,0,0,0,0,0,0,0,390000
Summer Place,Jelutong,Penang,637,0,1,0,0,0,0,0,0,0,0,1,690000
P' Residence,Kuching,Sarawak,408,0,1,0,0,0,0,0,0,0,0,1,470000
HUTAN MELINTANG RESIDENCE,Hutan Melintang,Perak,136,1,0,1,0,1,0,0,0,0,0,0,438800
Prestige III,Balik Pulau,Penang,298,1,0,0,0,0,0,0,0,0,1,0,192500
REJANG PARK,Sibu,Sarawak,197,0,1,1,0,0,0,0,0,0,0,0,380000
Kinrara Mas,Bukit Jalil,Kuala Lumpur,319,1,0,0,0,0,0,0,0,0,0,1,380000
TAMAN CHAI LENG,Perai,Penang,265,1,0,1,0,0,0,0,0,0,0,0,490000
SUNWAY CITY,Tambun,Perak,294,0,1,1,0,0,0,0,0,1,0,0,608000
MEDAN KLEBANG RESTU,Chemor,Perak,172,1,0,1,0,0,0,0,0,0,0,0,235000
NUSARI AMAN 2,Bandar Sri Sendayan,Negeri Sembilan,227,1,0,1,0,1,0,0,0,0,0,0,500000
Holiday Place (D-Villa Residence),Ampang,Kuala Lumpur,431,1,0,0,0,0,0,1,0,0,0,0,400000
TAMAN SRI LALANG,Kota Tinggi,Johor,167,1,0,1,0,0,0,0,0,0,0,0,340000
Rampai Court,Wangsa Maju,Kuala Lumpur,390,1,0,0,0,0,0,0,0,0,1,0,231000
BANDAR DATARAN SEGAR,Lukut,Negeri Sembilan,313,1,0,1,0,0,0,0,0,0,0,0,459000
PERUMAHAN PASDEC,Kuantan,Pahang,189,0,1,1,0,0,0,0,0,0,0,0,250000
Pelangi Damansara 1,Bandar Utama,Selangor,497,0,1,0,0,0,0,0,0,0,1,0,460000
Casa Idaman,Sentul,Kuala Lumpur,394,0,1,0,0,0,0,0,0,0,0,1,400000
Idaman Selasih,Bayan Lepas,Penang,472,1,0,0,0,0,0,0,1,0,0,0,320000
TAMAN BUKIT MELAKA,Bukit Baru,Melaka,227,1,0,1,0,0,0,0,0,0,0,0,438000
AUSTRA HEIGHT,Bintulu,Sarawak,340,0,1,1,0,0,0,0,0,0,0,0,380000
TAMAN WARISAN PUTERI,Ampangan,Negeri Sembilan,279,1,0,1,1,1,0,0,0,0,0,0,433680
TAMAN CEMPAKA [SENAWANG],Senawang,Negeri Sembilan,224,0,1,1,0,0,0,0,0,0,0,0,295000
SUBANG BESTARI,Shah Alam,Selangor,414,0,1,1,0,1,0,0,0,0,0,0,690000
BANDAR BARU KANGKAR PULAI,Skudai,Johor,239,0,1,1,1,0,0,0,0,0,0,0,498000
TAMAN PUTERI,Kuching,Sarawak,179,0,1,1,0,0,0,0,0,0,0,0,400000
TAMAN DESA DAMAI,Bentong,Pahang,192,1,0,1,0,0,0,0,0,0,0,0,240000
Sri Alam Condominium,Shah Alam,Selangor,324,0,1,0,0,0,0,0,0,0,0,1,450000
Sejati Ujana,Sandakan,Sabah,292,0,1,0,0,0,0,0,0,0,1,0,200000
TAMAN SERI ANDALAS,Klang,Selangor,287,0,1,1,0,1,0,0,0,0,0,0,475000
TAMAN EVERGREEN HEIGHTS,Batu Pahat,Johor,244,1,0,1,0,0,0,0,0,0,0,0,420000
Seri Intan Apartment,Setia Alam,Selangor,410,1,0,0,0,0,0,0,0,0,1,0,340000
Jentayu,Skudai,Johor,195,1,0,0,0,0,0,0,1,0,0,0,130000
TABUAN TRANQUILITY,Kuching,Sarawak,362,1,1,1,0,0,0,0,0,0,0,0,730000
DESA PINGGIRAN PUTRA,Dengkil,Selangor,203,0,1,1,0,0,1,0,0,0,0,0,402500
Seroja,Setia Alam,Selangor,300,1,0,0,0,0,0,0,1,0,0,0,200000
TAMAN CEMPAKA INDAH,Teloi Kiri,Kedah,122,1,0,1,0,1,0,0,0,0,0,0,195000
COUNTRY VILLAS,Bemban,Melaka,388,0,1,1,0,1,0,0,0,0,0,0,645000
Mahsuri Flat,Bayan Baru,Penang,308,0,1,0,0,0,0,0,1,0,0,0,156000
TAMAN IMPIAN EHSAN,Balakong,Selangor,322,0,1,1,0,0,0,0,0,0,0,0,330000
TAMAN SENAI JAYA,Senai,Johor,110,1,0,1,0,0,0,0,0,0,0,0,170000
Vista Indah Putra,Klang,Selangor,336,1,0,0,0,0,0,0,0,0,1,0,330000
Vista Seri Putra,Bangi,Selangor,347,1,0,0,0,0,0,0,0,0,1,0,316000
Sri Anggerik 1,Puchong,Selangor,407,1,0,0,0,0,0,0,0,0,1,0,320000
TAMAN ALAMANDA (KEDIAMAN),Bahau,Negeri Sembilan,184,0,1,1,0,0,0,0,0,0,0,0,239999
TAMAN WIRA (RPA MERGONG),Alor Setar,Kedah,38,1,0,1,0,0,0,0,0,0,0,0,39600
MEDAN BEMBAN MESRA,Batu Gajah,Perak,164,0,1,1,0,0,0,0,0,0,0,0,230000
Menara Avenue (Menara Promenade),KLCC,Kuala Lumpur,459,1,0,0,0,0,0,0,0,0,0,1,430000
BANDAR PUTERI HILLPARK,Sungai Petani,Kedah,162,1,0,1,0,0,0,0,0,0,0,0,300000
BANDAR SERI EHSAN,Tanjong Duabelas,Selangor,209,0,1,1,0,0,0,0,0,0,0,0,300000
DANGA SUTERA,Skudai,Johor,531,1,0,1,0,1,0,0,0,0,0,0,892000
TAMAN KOTA SELESA,Kota Tinggi,Johor,275,1,0,1,0,0,0,0,0,0,0,0,424150
Desa Villa Condominium,Taman Desa,Kuala Lumpur,417,1,0,0,0,0,0,0,0,0,0,1,485000
Impian Meridian,Subang Jaya,Selangor,551,1,0,0,0,0,0,1,0,0,0,0,595000
HIJAYU 3B,Bandar Sri Sendayan,Negeri Sembilan,309,1,0,1,0,0,0,0,0,0,0,0,580000
TAMAN BUKIT MALURI,Kepong,Kuala Lumpur,456,0,1,1,0,0,0,0,0,0,0,0,890000
Suria @ Hijau E-Komuniti,Batu Kawan,Penang,333,0,1,0,0,0,0,0,0,0,1,0,330000
Sri Impian Apartment,Johor Bahru,Johor,292,0,1,0,0,0,0,0,0,0,1,0,280000
PUCHONG HARTAMAS,Puchong,Selangor,495,1,0,1,0,0,0,0,0,0,0,0,800000
TAMAN SAUJANA UTAMA,Saujana Utama,Selangor,282,0,1,1,0,0,0,0,0,0,0,0,497500
NADA 4 @ NADA ALAM,Mantin,Negeri Sembilan,519,1,0,1,0,0,0,0,0,0,0,0,800000
TAMAN BUKIT SENAWANG PERDANA (PHASE 2),Rantau,Negeri Sembilan,159,1,0,0,0,1,0,0,0,0,0,0,605000
TAMAN BANTING BARU,Banting,Selangor,248,1,0,1,0,0,0,0,0,0,0,0,315000
KAMPUNG MAK CHILI,Kemaman,Terengganu,115,1,0,0,0,1,1,0,0,0,0,0,330000
Desa Palma,Nilai,Negeri Sembilan,228,1,0,0,0,0,0,0,0,0,1,0,180000
D'carlton (Residensi Seri Mega),Masai,Johor,414,1,0,0,0,0,0,1,0,0,0,0,410000
USJ 11,Subang Jaya,Selangor,513,1,0,1,0,0,0,0,0,0,0,0,900000
TIARA SENDAYAN - PRESINT 14C,Labu,Negeri Sembilan,350,1,0,1,0,0,0,0,0,0,0,0,512650
Villa Krystal Apartment,Skudai,Johor,336,1,0,0,0,0,0,0,0,0,1,0,300000
TAMAN SRI TREH (TAMAN BINTANG ANGKASA),Muar,Johor,233,1,0,1,0,0,0,0,0,0,0,0,489000
Lok Kawi Heights,Papar,Sabah,269,0,1,0,0,0,0,0,0,0,1,0,210000
Putri Ria Apartment,Masai,Johor,281,1,0,0,0,0,0,0,0,0,1,0,265000
TAMAN BANDAR UTAMA TAMPIN,Tampin,Negeri Sembilan,145,1,0,1,0,1,0,0,0,0,0,0,299473
Jentayu Residensi @ Tampoi,Johor Bahru,Johor,373,1,0,0,0,0,0,1,0,0,0,0,370000
USJ 20,Subang Jaya,Selangor,515,1,0,1,0,0,0,0,0,0,0,0,915000
TAMAN MANIS,Batu Pahat,Johor,194,1,0,1,0,1,0,0,0,0,0,0,220000
TAMAN SPPK,Ipoh,Perak,146,0,1,1,0,1,0,0,0,0,0,0,250000
Ascenda Residence @ Skyarena,Setapak,Kuala Lumpur,455,0,1,0,0,0,0,0,0,0,0,1,493000
INDERA SEMPURNA,Kuantan,Pahang,158,0,1,1,0,1,0,0,0,0,0,0,220000
TAMAN RAIA PERDANA,Gopeng,Perak,117,0,1,1,0,0,0,0,0,0,0,0,140000
Taman Setia Balakong,Balakong,Selangor,231,0,1,0,0,0,0,0,1,0,0,0,170000
TAMAN BUKIT SEMPANG,Merlimau,Melaka,186,1,0,1,0,0,0,0,0,0,0,0,311650
Skudai Villa,Skudai,Johor,334,1,0,0,0,0,0,0,0,0,0,1,370000
SS18,Subang Jaya,Selangor,463,1,0,1,0,1,0,0,0,0,0,0,810000
Platinum Lake PV 12,Setapak,Kuala Lumpur,381,0,1,0,0,0,0,0,0,0,0,1,475000
TAMAN BERTAM HEIGHTS,Tanjong Minyak,Melaka,138,1,0,1,0,0,0,0,0,0,0,0,180000
TAMAN MERDEKA JAYA (AERONOTIK TAIPAN),Batu Berendam,Melaka,227,0,1,1,0,0,0,0,0,0,0,0,300000
D'Ambience Residences (Pangsapuri Ikatan Flora),Permas Jaya,Johor,396,1,0,0,0,0,0,1,0,0,0,0,339000
TAMAN MENGKUANG JAYA,Bukit Mertajam,Penang,348,1,0,1,0,1,0,0,0,0,0,0,512500
TAMAN AIR KEROH FASA 1-3,Bukit Katil,Melaka,159,0,1,1,0,0,0,0,0,0,0,0,220000
TAMAN PERWIRA,Simpang Ampat,Penang,248,1,0,1,0,0,0,0,0,0,0,0,290000
Pangsapuri Seri Inai,Serendah,Selangor,166,1,0,0,0,0,0,0,1,0,0,0,132500
TAMAN BANDAR BARU SP (PKNK),Sungai Petani,Kedah,192,1,0,1,0,0,0,0,0,0,0,0,200000
TAMAN INDAH (SUNGAI UDANG),Masjid Tanah,Melaka,184,0,1,1,0,0,0,0,0,0,0,0,300000
TAMAN SENDAYAN INDAH,Bandar Sri Sendayan,Negeri Sembilan,188,1,0,1,0,0,0,0,0,0,0,0,271000
Ria 2 Apartment,Masai,Johor,260,1,0,0,0,0,0,0,0,0,1,0,210000
TAMAN IRINGAN BAYU,Rantau,Negeri Sembilan,331,1,0,1,0,1,0,0,0,0,0,0,472910
TAMAN SETIA RESIDEN,Sitiawan,Perak,251,1,0,1,0,1,0,0,0,0,0,0,499000
TAMAN NUSA JAYA MAS,Iskandar Puteri (Nusajaya),Johor,325,1,0,1,0,0,0,0,0,0,0,0,520000
SUBANG 2,Sungai Buloh,Selangor,463,0,1,1,0,0,0,0,0,0,0,0,575000
TAMAN TEMIANG JAYA II,Muar,Johor,329,1,0,1,0,0,0,0,0,0,0,0,865000
Impian Sentosa,Klang,Selangor,398,1,0,0,0,0,0,0,0,0,1,0,300000
Karisma @ Eco Majestic,Semenyih,Selangor,329,1,0,0,0,0,0,0,0,0,1,0,262500
TAMAN SERI BAYU 2,Sungai Petani,Kedah,155,1,0,1,0,0,0,0,0,0,0,0,175000
TAMAN BERTAM IMPIAN,Tanjong Minyak,Melaka,207,1,0,1,0,0,0,0,0,0,0,0,270000
Taman Pandan Indah,Ampang,Selangor,264,0,1,0,0,0,0,0,1,0,0,0,175000
Stulang Laut,Johor Bahru,Johor,264,0,1,0,0,0,0,0,1,0,0,0,200000
Paramount Utropolis,Glenmarie,Selangor,708,1,0,0,0,0,0,1,0,0,0,0,560000
TAMAN BACANG BARU,Bachang,Melaka,219,0,1,1,0,0,0,0,0,0,0,0,300000
TAMAN MERPATI INDAH,Kulim,Kedah,330,1,0,1,0,0,0,0,0,0,0,0,462000
SEKSYEN 21,Petaling Jaya,Selangor,493,1,0,1,0,0,1,0,0,0,0,0,763000
Pan Vista,Permas Jaya,Johor,331,1,0,0,0,0,0,0,0,0,1,0,339000
SS26 TAMAN MAYANG JAYA,Petaling Jaya,Selangor,610,1,0,1,0,0,0,0,0,0,0,0,825000
PANDAMARAN JAYA,Pandamaran,Selangor,200,0,1,1,0,0,0,0,0,0,0,0,250000
PERUMAHAN PRIMA BG SERAI,Bagan Serai,Perak,222,1,0,1,0,0,0,0,0,0,0,0,310000
Mewah View Luxurious Apartments,Tampoi,Johor,292,1,0,0,0,0,0,0,0,0,1,0,400000
TAMAN YPJ PUNGGAI,Pengerang,Johor,199,1,1,1,0,0,0,0,0,0,0,0,278800
Golden Villa,Klang,Selangor,226,1,0,0,0,0,0,0,0,0,1,0,217500
SEKSYEN 8,Petaling Jaya,Selangor,309,0,1,1,0,1,0,0,0,0,0,0,600000
TAMAN SEGAR PERDANA,Cheras,Selangor,550,0,1,0,0,1,0,0,0,0,0,0,929000
TAMAN PD RESTU,Port Dickson,Negeri Sembilan,209,1,0,1,0,0,0,0,0,0,0,0,292045
TAMAN SAMUDRA,Batu Caves,Selangor,581,0,1,1,0,0,0,0,0,0,0,0,550000
TAMAN ALAMANDA,Kuala Kangsar,Perak,203,1,0,1,0,0,0,0,0,0,0,0,269800
TAMAN DESA PERMAI,Kapar,Selangor,205,1,0,0,0,1,0,0,0,0,0,0,575000
KB JINJANG UTARA,Jinjang,Kuala Lumpur,207,0,1,0,0,1,1,0,0,0,0,0,675000
TAMAN CEMPAKA PERDANA,Senawang,Negeri Sembilan,244,0,1,1,0,0,0,0,0,0,0,0,397083
TAMAN SERI BINTANG,Tampin,Negeri Sembilan,161,1,0,1,0,0,0,0,0,0,0,0,249998
P/L : 2195 (PT24541-PT24570),Sungai Karang,Pahang,121,1,0,0,0,1,0,0,0,0,0,0,380000
DAHLIA GARDEN,Simpang Ampat,Penang,462,1,0,1,0,0,0,0,0,0,0,0,627000
TAMAN GAMELAN INDAH,Sungai Bakap,Penang,264,1,0,1,0,1,0,0,0,0,0,0,408000
Sun Moon City,Ayer Itam,Penang,232,1,0,0,0,0,0,0,1,0,0,0,138000
TAMAN SOGA,Batu Pahat,Johor,208,1,0,1,0,0,0,0,0,0,0,0,330000
Nautica Lake Suites,Bandar Sunway,Selangor,520,0,1,0,0,0,0,0,0,0,0,1,830000
TAMAN BUKIT JAYA,Ulu Tiram,Johor,310,1,0,1,0,0,0,0,0,0,0,0,460000
TAMAN PSJ,Sungai Karang,Pahang,206,1,0,1,0,1,0,0,0,0,0,0,265000
SALAK SOUTH GARDEN (TAMAN SALAK SELATAN),Salak Selatan,Kuala Lumpur,349,1,0,1,0,0,0,0,0,0,0,0,550000
TAMAN KOTA YONG PENG,Yong Peng,Johor,160,1,0,1,0,0,0,0,0,0,0,0,240000
BANDAR SERI BOTANI,Batu Gajah,Perak,320,1,0,1,0,0,0,0,0,0,0,0,825510
Seri Maju & Sepangar Ria,Kota Kinabalu,Sabah,265,0,1,0,0,0,0,0,0,0,1,0,172000
SETIA IMPIAN 4,Setia Alam,Selangor,538,1,0,1,0,0,0,0,0,0,0,0,705000
Platinum Lake PV 16,Setapak,Kuala Lumpur,364,0,1,0,0,0,0,0,0,0,0,1,520000
DESA PARK CHEMOR,Ipoh,Perak,270,1,0,0,1,0,0,0,0,0,0,0,338000
Changkat View,Dutamas,Kuala Lumpur,414,1,0,0,0,0,0,0,0,0,0,1,453000
TAMAN SERI AMPANG,Ipoh,Perak,183,0,1,1,0,0,0,0,0,0,0,0,280000
Taman Seri Janggus,Bukit Mertajam,Penang,186,1,0,0,0,0,0,0,1,0,0,0,120000
The Riviera,Ampang,Selangor,224,0,1,0,0,0,0,0,0,0,1,0,210000
Nova Saujana,Saujana,Selangor,614,1,0,0,0,0,0,1,0,0,0,0,530000
BANGI AVENUE,Bangi,Selangor,418,1,0,1,0,0,0,0,0,0,0,0,607500
TAMAN PULAI FLORA,Skudai,Johor,357,1,0,1,1,0,0,0,0,0,0,0,600000
SAUJANA PERDANA,Ijok,Selangor,410,0,1,1,0,0,0,0,0,0,0,0,500000
TAMAN PUTRA PERMAI,Seri Kembangan,Selangor,342,0,1,1,0,0,0,0,0,0,0,0,722500
TAMAN MAKMUR FASA 1,Lunas,Kedah,207,1,0,1,0,0,0,0,0,0,0,0,300000
Bayu Puteri 3,Johor Bahru,Johor,372,0,1,0,0,0,0,0,0,0,1,0,350000
"P/L 1280, KAMPUNG KOLAM",Rompin,Pahang,129,1,0,1,0,0,0,0,0,0,0,0,210000
Suria Kinrara,Bandar Kinrara,Selangor,255,0,1,0,0,0,0,1,0,0,0,0,181500
TAMAN BERTAM INDAH,Kepala Batas,Penang,215,1,0,1,0,1,0,0,0,0,0,0,310000
TAMAN HUI SING,Kuching,Sarawak,254,0,1,1,0,0,0,0,0,0,0,0,722500
Tropez Residences,Johor Bahru,Johor,508,1,0,0,0,0,0,1,0,0,0,0,395000
TAMAN TELUK VILLA,Penampang,Sabah,256,0,1,1,0,0,0,0,0,0,0,0,432500
COUNTRY HEIGHTS,Kajang,Selangor,346,1,1,0,0,0,1,0,0,1,0,0,499500
TAMAN DESA HARMONI,Masai,Johor,306,1,0,1,0,0,0,0,0,0,0,0,450000
Rhythm Avenue,Subang Jaya,Selangor,378,1,0,0,0,0,0,1,0,0,0,0,290000
TAMAN SIMPANG BERSATU,Taiping,Perak,317,1,0,1,0,0,0,0,0,0,0,0,528800
Taman Terubong Jaya,Ayer Itam,Penang,272,0,1,0,0,0,0,0,1,0,0,0,165000
TROPICANA DANGA COVE,Masai,Johor,501,1,0,1,0,0,0,0,0,0,0,0,767500
Prisma Cheras,Cheras,Kuala Lumpur,362,1,0,0,0,0,0,0,0,0,0,1,426000
TAMAN PURA KENCANA - TR. 41,Batu Pahat,Johor,227,1,0,1,0,0,0,0,0,0,0,0,445000
TAMAN JAWI JAYA,Sungai Jawi,Penang,195,1,0,0,0,1,0,0,0,0,0,0,459000
D'Rich Executive Suites,Iskandar Puteri (Nusajaya),Johor,418,1,0,0,0,0,0,0,0,0,1,0,400000
TAMAN AMAN PERDANA,Kapar,Selangor,321,1,0,0,0,1,0,0,0,0,0,0,850000
RPA BEMBAN II,Batu Gajah,Perak,77,0,1,1,0,0,0,0,0,0,0,0,97500
TAMAN NUSA INTAN,Ampangan,Negeri Sembilan,231,1,0,1,0,0,0,0,0,0,0,0,382500
TAYNTON VIEW,Cheras,Kuala Lumpur,362,1,0,1,0,0,0,0,0,0,0,0,625000
Perai Jaya,Perai,Penang,73,0,1,0,0,0,0,0,1,0,0,0,43000
TAMAN PUTRA,Ampang,Selangor,507,0,1,1,0,1,0,0,0,0,0,0,420000
WANGSA MELAWATI,Wangsa Maju,Kuala Lumpur,578,1,0,1,0,0,0,0,0,0,0,0,720000
TAMAN SAUJANA RAWANG,Rawang,Selangor,315,0,1,1,0,0,0,0,0,0,0,0,521000
TAMAN PULAI BAYU,Skudai,Johor,264,1,0,0,1,1,0,0,0,0,0,0,900000
Parkview Towers,Bukit Jambul,Penang,360,0,1,0,0,0,0,0,0,0,1,0,370000
The Garden Residences,Skudai,Johor,437,1,1,0,0,0,0,1,0,0,0,0,365000
TAMAN BUKIT MEWAH,Kajang,Selangor,328,1,0,1,0,0,0,0,0,0,0,0,470000
Pearl Avenue,Kajang,Selangor,301,1,0,0,0,0,0,0,0,0,0,1,330000
Sentrovue,Shah Alam,Selangor,356,0,1,0,0,0,0,1,0,0,0,0,300000
TAMAN DESA LANG INDAH,Ipoh,Perak,315,1,1,1,0,0,0,0,0,0,0,0,528800
Kuchai Avenue,Kuchai Lama,Kuala Lumpur,626,1,0,0,0,0,0,1,0,0,0,0,580000
Flat Daisy,Masai,Johor,193,0,1,0,0,0,0,0,1,0,0,0,138000
TAMAN SRI GEDONG,Sungai Petani,Kedah,159,1,0,1,0,0,0,0,0,0,0,0,232500
TAMAN LESTARI PUCHONG,Seri Kembangan,Selangor,338,0,1,1,0,0,0,0,0,0,0,0,508000
TAMAN SONG CHOON,Ipoh,Perak,190,0,1,1,0,0,0,0,0,0,0,0,237500
De Tropicana,Kuchai Lama,Kuala Lumpur,287,0,1,0,0,0,0,0,0,0,0,1,280000
Beverly Hills 3,Kota Kinabalu,Sabah,415,0,1,0,0,0,0,0,0,0,1,0,250000
RPA SRI TANJUNG,Sungai Petani,Kedah,43,1,0,1,0,0,0,0,0,0,0,0,27049
TAMAN DURANDA EMAS,Kuching,Sarawak,174,0,1,1,0,0,0,0,0,0,0,0,180000
"TAMAN DESA UTAMA, SUNGAI MERAB",Dengkil,Selangor,393,1,0,1,0,0,0,0,0,0,0,0,685000
BANDAR CYBER IPOH,Ipoh,Perak,252,0,1,0,0,1,0,0,0,0,0,0,609000
Taman Pulai Utama,Skudai,Johor,228,1,0,0,0,0,0,0,1,0,0,0,150000
SUNGAI ISAP DAMAI,Kuantan,Pahang,65,0,1,0,0,1,1,0,0,0,0,0,260000
Austin Regency (Pangsapuri Austin Perdana),Tebrau,Johor,470,1,0,0,0,0,0,0,0,0,1,0,380000
T'LAGENDA@PERAMU (P/L 23051),Pekan,Pahang,184,1,1,1,0,0,0,0,0,0,0,0,288000
TAMAN KELEMAK UTAMA,Alor Gajah,Melaka,306,1,0,1,0,0,0,0,0,0,0,0,398760
SETIA INDAH 12,Setia Alam,Selangor,561,1,0,1,0,0,0,0,0,0,0,0,802000
BANDAR TEKNOLOGI,Kajang,Selangor,269,1,0,1,0,0,0,0,0,0,0,0,370000
TAMAN KAMPAR BESTARI,Kampar,Perak,123,0,1,1,0,1,0,0,0,0,0,0,269800
Cempaka,Serendah,Selangor,117,0,1,0,0,0,0,0,0,0,1,0,85000
D'Piazza,Bayan Baru,Penang,518,1,0,0,0,0,0,0,0,0,0,1,485000
Vista Ilmu,Kota Samarahan,Sarawak,240,0,1,0,0,0,0,0,0,0,1,0,180000
SD Tiara Apartment,Bandar Sri Damansara,Selangor,384,1,0,0,0,0,0,0,0,0,1,0,322500
PROTON CITY,Ulu Bernam,Perak,211,1,0,1,0,0,0,0,0,0,0,0,467500
Kipark Apartment,Tampoi,Johor,443,0,1,0,0,0,0,0,0,0,1,0,380000
TAMAN SEMARANG INTAN,Dengkil,Selangor,321,1,1,1,0,0,0,0,0,0,0,0,669600
Jade View,Gelugor,Penang,426,1,0,0,0,0,0,0,0,0,1,0,293500
Regency Heights Condo,Sungai Ara,Penang,396,1,0,0,0,0,0,0,0,0,0,1,502500
TAMAN PERTAMA INDAH ~ JALAN BAKRI,Bakri,Johor,373,1,0,1,0,0,0,0,0,0,0,0,820000
BAYAN BARU,Bayan Baru,Penang,376,0,1,1,1,1,0,0,0,0,0,0,570000
TAMAN BANANG HEIGHTS,Batu Pahat,Johor,254,1,0,1,0,0,0,0,0,0,0,0,410000
TAMAN BUKIT KEPAYANG,Bukit Kepayang,Negeri Sembilan,231,1,0,1,0,0,0,0,0,0,0,0,380000
TAMAN IDAMAN,Simpang Ampat,Penang,299,1,0,1,0,1,0,0,0,0,0,0,495000
TAMAN GUNUNG MAS,Tampin,Negeri Sembilan,159,1,0,1,0,0,0,0,0,0,0,0,200000
TAMAN CEMPAKA (TELUI KIRI),Teloi Kiri,Kedah,118,1,0,1,0,0,0,0,0,0,0,0,180000
BANDAR AINSDALE,Labu,Negeri Sembilan,444,1,0,1,0,0,0,0,0,0,0,0,623888
TAMAN SKUDAI INDAH,Skudai,Johor,426,1,0,1,1,0,0,0,0,0,0,0,650000
TAMAN KLEBANG EHSAN,Ipoh,Perak,145,0,1,0,0,1,1,0,0,0,0,0,328800
BANDAR SELESA JAYA,Skudai,Johor,323,1,0,1,0,0,0,0,0,0,0,0,462500
TAMAN ANJUNG BERCHAM MEGAH,Ipoh,Perak,224,1,0,1,0,0,0,0,0,0,0,0,337500
PULAI JAYA,Kulai,Johor,346,1,0,1,0,0,0,0,0,0,0,0,520000
The Sky Executive Suites,Iskandar Puteri (Nusajaya),Johor,433,1,0,0,0,0,0,1,0,0,0,0,460000
TAMAN TAN SRI YAACOB,Skudai,Johor,495,1,0,1,0,0,0,0,0,0,0,0,400000
BANDAR SEGAMAT BARU,Segamat,Johor,125,1,0,1,0,0,1,0,0,0,0,0,220000
SIERRA PERDANA,Masai,Johor,361,1,0,1,1,0,0,0,0,0,0,0,495000
TAMAN PELANGI,Semenyih,Selangor,301,1,0,1,0,0,0,0,0,0,0,0,450000
TAMAN SERI DAGANG 1,Banting,Selangor,273,1,0,1,0,0,0,0,0,0,0,0,390900
The Wadihana,Johor Bahru,Johor,302,1,0,0,0,0,0,0,0,0,0,1,528000
Taman Lone Pine (Medium Low Cost),Ayer Itam,Penang,436,1,0,0,0,0,0,0,0,0,1,0,250000
TAMAN TASIK SEMENYIH,Semenyih,Selangor,150,0,1,1,0,0,0,0,0,0,0,0,465000
Sky Peak Residences,Tampoi,Johor,431,1,0,0,0,0,0,1,0,0,0,0,445000
KAMPUNG CHERANG RUKU,Cherang Ruku,Kelantan,61,1,0,1,0,0,1,0,0,0,0,0,325000
TAMAN BAGAN,Butterworth,Penang,389,1,0,1,0,0,0,0,0,0,0,0,655000
"TAMAN TROPIKA, JEMENTAH",Jementah,Johor,241,1,0,1,0,0,0,0,0,0,0,0,385000
TAMAN DELIMA,Sitiawan,Perak,180,1,0,1,0,0,0,0,0,0,0,0,368800
TAMAN IMPIAN PUTRA,Bangi,Selangor,365,0,1,1,0,0,0,0,0,0,0,0,440000
Crystal Creek Resort,Taiping,Perak,220,1,0,0,0,0,0,0,0,0,0,1,300000
KOTA SERIBONG,Padang Enggang,Kelantan,361,0,1,1,0,0,0,0,0,0,0,0,470000
TAMAN MERDEKA,Batu Berendam,Melaka,182,0,1,1,0,0,0,0,0,1,0,0,326500
BANDAR BARU TRONOH (TAMAN TRONOH BARU),Tronoh,Perak,190,0,1,1,0,0,0,0,0,0,0,0,263000
TAMAN NAKHODA,Telok Panglima Garang,Selangor,324,1,0,1,0,0,0,0,0,0,0,0,455000
TAMAN ECO MEADOW,Simpang Ampat,Penang,533,1,0,1,0,0,0,0,0,0,0,0,815000
TAMAN TIRAM,Kulim,Kedah,177,1,0,1,0,1,0,0,0,0,0,0,280000
TAMAN SETAPAK INDAH,Setapak,Kuala Lumpur,431,0,1,0,0,0,0,0,0,1,0,0,510000
Balau,Masai,Johor,228,1,0,0,0,0,0,0,1,0,0,0,146000
TAMAN DESARU UTAMA,Pengerang,Johor,251,0,1,1,0,1,0,0,0,0,0,0,330000
TAMAN GEMILANG,Seri Iskandar,Perak,126,0,1,1,0,1,0,0,0,0,0,0,370000
SETIA ECO CASCADIA,Tebrau,Johor,462,1,0,1,0,0,0,0,0,0,0,0,814300
TAMAN MELOR JAYA,Gerisek,Johor,100,1,0,1,0,0,0,0,0,0,0,0,165000
HAPPY GARDEN,Jalan Klang Lama (Old Klang Road),Kuala Lumpur,445,1,1,1,0,0,0,0,0,0,0,0,912500
"ELEMEN @ 18, PENGKALAN",Ipoh,Perak,168,0,1,0,1,0,0,0,0,0,0,0,428000
BANDAR UTAMA,Sungai Petani,Kedah,164,1,0,1,0,0,1,0,0,0,0,0,262500
Delima Impian,Bukit Minyak,Penang,248,1,0,0,0,0,0,0,1,0,0,0,160000
The Spring,Jelutong,Penang,551,0,1,0,0,0,0,0,0,0,0,1,520000
BANDAR BARU KUNDANG,Rawang,Selangor,456,0,1,1,0,0,0,0,0,0,0,0,642630
Vista Bayu,Klang,Selangor,280,1,0,0,0,0,0,0,0,0,1,0,300000
BANDAR BARU SUNGAI UDANG,Sungai Udang,Melaka,193,0,1,1,0,0,0,0,0,0,0,0,310000
Sri Tanjung,Puchong,Selangor,425,1,0,0,0,0,0,0,0,0,1,0,430000
TAMAN MANJUNG POINT SEKSYEN 2(PL 12194),Lumut,Perak,238,1,0,1,0,1,0,0,0,0,0,0,300000
KOTA WARISAN,Dengkil,Selangor,260,1,0,1,0,1,0,0,0,0,0,0,500000
TAMAN ANGSANA,Kulim,Kedah,216,1,0,1,0,0,0,0,0,0,0,0,297000
Idaman Lavender 3,Sungai Ara,Penang,452,1,0,0,0,0,0,0,0,0,1,0,340000
TAMAN PENAGA MEWAH,Ampangan,Negeri Sembilan,349,1,0,1,0,0,0,0,0,0,0,0,487910
TAMAN PENAGA INDAH,Penaga,Penang,214,1,0,0,0,1,0,0,0,0,0,0,499000
TAMAN KAJANG UTAMA,Kajang,Selangor,293,1,0,1,0,0,0,0,0,1,0,0,410000
Koi Tropika,Puchong,Selangor,459,0,1,0,0,0,0,1,0,0,0,0,470000
Seri Mengkuang,Gelang Patah,Johor,226,0,1,0,0,0,0,0,0,0,1,0,180000
Sri Lanang,Tebrau,Johor,226,1,0,0,0,0,0,0,1,0,0,0,170000
TAMAN PGBF FELDA PASOH 1,Simpang Pertang,Negeri Sembilan,64,0,1,1,0,0,0,0,0,0,0,0,90000
TAMAN IMPIAN ALMA,Bukit Mertajam,Penang,268,1,0,1,0,0,0,0,0,0,0,0,400000
Nusa Heights (Nusa Puncak),Iskandar Puteri (Nusajaya),Johor,451,1,0,0,0,0,0,0,0,0,1,0,415000
Austin Suites (Permata Austin),Tebrau,Johor,462,1,0,0,0,0,0,0,0,0,1,0,330000
Desa Baiduri,Ayer Itam,Penang,309,0,1,0,0,0,0,0,1,0,0,0,190000
KAJANG 2,Semenyih,Selangor,603,1,0,1,0,0,0,0,0,0,0,0,869000
Axis Residence @ Axis Pandan,Ampang,Selangor,352,0,1,0,0,0,0,1,0,0,0,0,330000
USJ 3,Subang Jaya,Selangor,482,1,0,1,0,0,0,0,0,0,0,0,765000
Rumah Pangsa Sri Orkid,Ulu Tiram,Johor,222,1,0,0,0,0,0,0,1,0,0,0,157500
TAMAN POKOK MANGGA,Balai Panjang,Melaka,201,1,1,1,0,0,0,0,0,0,0,0,325000
Taman Sri Sentosa,Jalan Klang Lama (Old Klang Road),Kuala Lumpur,257,0,1,0,0,0,0,0,1,0,0,0,180000
TAMAN PUTRA PRIMA,Puchong,Selangor,454,1,0,1,0,0,0,0,0,0,0,0,780000
TAMAN HILIR,Melaka City,Melaka,279,1,0,1,0,0,0,0,0,0,0,0,430000
TAMAN ARA BAYU,Nilai,Negeri Sembilan,291,1,0,1,0,0,0,0,0,0,0,0,378800
BANDAR PERDANA (TERES),Sungai Petani,Kedah,175,1,0,1,0,0,0,0,0,0,0,0,271000
TAMAN SERAI PERDANA,Bagan Serai,Perak,169,1,0,1,0,1,0,0,0,0,0,0,263800
The Clovers,Bayan Lepas,Penang,472,1,0,0,0,0,0,0,0,0,0,1,620000
MERLIN GARDEN,Kota Samarahan,Sarawak,263,0,1,1,0,0,0,0,0,0,0,0,571500
Pangsapuri Lagoon Perdana,Bandar Sunway,Selangor,235,0,1,0,0,0,0,0,0,0,1,0,210000
TAMAN SERI BAYU,Sungai Petani,Kedah,164,1,0,1,0,0,0,0,0,0,0,0,200000
TAMAN PANDAN JAYA,Ampang,Selangor,500,0,1,1,0,0,0,0,0,0,0,0,530000
TAMAN ABADI HEIGHTS,Puchong,Selangor,538,0,1,1,0,1,0,0,0,0,0,0,756000
TAMAN IPOH JAYA,Ipoh,Perak,250,0,1,1,0,0,0,0,0,0,0,0,234000
TAMAN BERSATU,Simpang Pulai,Perak,204,0,1,1,0,0,0,0,0,0,0,0,199000
TAMAN NUSA PERINTIS I,Iskandar Puteri (Nusajaya),Johor,188,1,0,1,0,0,1,0,0,0,0,0,550000
TAMAN KINDING FLORA,Ipoh,Perak,192,0,1,0,1,0,0,0,0,0,0,0,252500
SPRINGVILLE @VICTORIA COUNTRY,Sitiawan,Perak,288,1,0,1,0,0,0,0,0,0,0,0,435000
TAMAN T&G PHASE 7,Kota Marudu,Sabah,238,0,1,0,0,1,0,0,0,0,0,0,500000
Tuaran Impian,Tuaran,Sabah,234,0,1,0,0,0,0,0,0,0,1,0,195000
TAMAN FLORA,Kuala Kedah,Kedah,189,1,0,1,0,1,0,0,0,0,0,0,421925
TAMAN SRI REMBAU,Rembau,Negeri Sembilan,128,1,0,1,0,1,0,0,0,0,0,0,280000
TAMAN AMANAH,Tanjong Duabelas,Selangor,278,1,0,1,0,0,0,0,0,0,0,0,425000
SEKSYEN 5 - KOTA DAMANSARA,Kota Damansara,Selangor,528,0,1,1,0,0,0,0,0,0,0,0,930000
University Apartment Phase 1,Kota Kinabalu,Sabah,400,0,1,0,0,0,0,0,0,0,1,0,245000
PERUMAHAN MAKMUR KUALA LANAR JAYA,Kuala Lipis,Pahang,48,0,1,0,0,1,0,0,0,0,0,0,150000
Jazz Suites @ Vivacity,Kuching,Sarawak,647,0,1,0,0,0,0,0,0,0,0,1,650000
TAMAN DELIMA,Sungai Petani,Kedah,115,1,0,1,0,1,0,0,0,0,0,0,260000
