Cluster House,Township,Area,Semi D,Terrace House,Leasehold,Apartment,Freehold,Town House,Bungalow,Condominium,Price,Service Residence,Median_PSF,Flat,State
0,TAMAN BAHAU,Bahau,0,1,0,0,1,0,0,0,183000,0,155,0,Negeri Sembilan
0,TAMAN BAKRI JAYA,Bakri,0,1,0,0,1,0,0,0,610000,0,238,0,Johor
0,TAMAN ANGKASA NURI,Durian Tunggal,0,1,1,0,0,0,0,0,280000,0,213,0,Melaka
0,OSKAR RESIDENCE @SEREMBAN FOREST HEIGHTS,Ampangan,0,1,0,0,1,0,0,0,669000,0,454,0,Negeri Sembilan
0,TAMAN MAWAR,Tanjong Duabelas,0,1,0,0,1,0,0,0,390000,0,219,0,Selangor
0,TAMAN DESA RHU,Sikamat,0,1,1,0,0,0,0,0,237500,0,210,0,Negeri Sembilan
0,SEMENYIH PARKLANDS,Beranang,0,1,0,0,1,0,0,0,465000,0,357,0,Selangor
0,TAMAN BUKIT SUBANG,Shah Alam,0,1,0,0,1,0,0,0,590000,0,415,0,Selangor
0,TAMAN ASA JAYA,Kajang,0,1,0,0,1,0,0,0,485000,0,389,0,Selangor
0,BANDAR TASIK PUTERI,Rawang,0,1,1,0,0,0,0,0,400000,0,281,0,Selangor
0,TAMAN SRI BUNUT,Tanjong Duabelas,0,1,0,0,1,0,0,0,669000,0,328,0,Selangor
0,TAMAN TERATAI,Kulai,0,1,0,0,1,0,0,0,330000,0,273,0,Johor
0,SEKSYEN 29 SHAH ALAM,Shah Alam,0,1,1,0,0,0,0,0,472800,0,309,0,Selangor
0,TAMAN EMAS BIDOR,Bidor,0,1,1,0,0,0,0,0,90000,0,75,0,Perak
0,TAMAN PUTERA/SURIA,Johor Bahru,0,1,0,0,1,0,0,0,625000,0,343,0,Johor
0,LAMAN PERMATA,Tebrau,0,1,0,0,1,0,0,0,788800,0,563,0,Johor
0,TAMAN TOK MUDA,Kapar,0,1,0,0,1,0,0,0,397000,0,300,0,Selangor
0,SEKSYEN 15 BANDAR BARU BANGI,Bangi,0,1,1,0,0,0,0,0,550000,0,406,0,Selangor
0,TAMAN MEGA RIA 2,Tangkak,0,1,0,0,1,0,0,0,100000,0,104,0,Johor
0,BANDAR SULTAN SULAIMAN,Kapar,0,1,1,0,0,0,0,0,260000,0,251,0,Selangor
0,KAMPUNG PADANG 1,Kuantan,0,1,1,0,0,0,0,0,170000,0,153,0,Pahang
0,TAMAN LAGENDA TROPIKA TAPAH,Chenderiang,0,1,0,0,1,0,0,0,229954,0,130,0,Perak
0,BANDAR BUKIT PUCHONG,Puchong,0,1,0,0,1,0,0,0,640000,0,418,0,Selangor
0,TAMAN RIA JAYA FASA 3,Sungai Petani,0,1,0,0,1,0,0,0,250000,0,158,0,Kedah
0,TAMAN PERMAI PUTEH,Tronoh,0,1,1,0,0,0,0,0,305000,0,218,0,Perak
0,TAMAN MELAKA BARU,Batu Berendam,0,1,1,0,0,0,0,0,300000,0,202,0,Melaka
0,ULU SUNGAI MERAH,Sibu,0,1,1,0,0,0,0,0,430000,0,173,0,Sarawak
0,SERENE HEIGHTS,Semenyih,0,1,0,0,1,0,0,0,781800,0,445,0,Selangor
0,BANDAR LAGUNA MERBOK (TERES),Sungai Petani,0,1,0,0,1,0,0,0,400000,0,264,0,Kedah
0,TAMAN KRUBONG JAYA,Krubong,0,1,1,0,0,0,0,0,290000,0,223,0,Melaka
0,TAMAN DAHLIA,Tampoi,0,1,1,0,0,0,0,0,300000,0,288,0,Johor
0,BANDAR SIBU JAYA,Sibu,0,1,1,0,0,0,0,0,200000,0,130,0,Sarawak
0,TAMAN KULIM TECHNOCITY FASA 1,Kulim,0,1,0,0,1,0,0,0,320000,0,222,0,Kedah
0,DESA COALFIELDS,Ijok,0,1,0,0,1,0,0,0,467500,0,324,0,Selangor
0,SEKSYEN 7 SHAH ALAM,Shah Alam,0,1,1,0,0,0,0,0,740000,0,390,0,Selangor
0,TAMAN KULIM TECHNOCITY FASA 3,Kulim,0,1,0,0,1,0,0,0,395000,0,318,0,Kedah
0,TAMAN BUKIT PERDANA,Batu Pahat,0,1,0,0,1,0,0,0,390000,0,253,0,Johor
0,USJ 6,Subang Jaya,0,1,0,0,1,0,0,0,694000,0,536,0,Selangor
0,TAMAN KERJASAMA,Bukit Baru,0,1,0,0,1,0,0,0,380000,0,245,0,Melaka
0,R.P.R RANGAU,Limbang,0,1,0,0,1,0,0,0,80000,0,74,0,Sarawak
0,P/L143461 SERI MAHKOTA DAMAI FASA 6,Kuantan,0,1,0,0,1,0,0,0,236000,0,143,0,Pahang
0,TAMAN RAMBAI IDAMAN,Bukit Rambai,0,1,1,0,1,0,0,0,295000,0,164,0,Melaka
0,TAMAN BUKIT PANCHOR,Nibong Tebal,0,1,0,0,1,0,0,0,374160,0,299,0,Penang
0,TAMAN PERMATA PENAWAR,Pengerang,0,1,1,0,0,0,0,0,386200,0,272,0,Johor
0,TAMAN GEMILANG,Kulai,0,1,0,0,1,0,0,0,488000,0,290,0,Johor
0,P/L : 10139,Kuantan,0,1,0,0,1,0,0,0,350000,0,183,0,Pahang
0,TAMAN PUNCAK CERIA (IDAMAN HILLS),Kluang,0,1,0,0,1,0,0,0,538000,0,253,0,Johor
0,KOTA PUTERI BANDAR BARU BATU ARANG,Batu Arang,0,1,1,0,0,0,0,0,590000,0,272,0,Selangor
0,"TAMAN KELANA, RANTAU PANJANG",Kapar,0,1,0,0,1,0,0,0,473000,0,354,0,Selangor
0,TAS,Kuantan,0,1,0,0,1,0,0,0,185000,0,158,0,Pahang
0,TAMAN PGBF HARMONI PASIR BESAR,Gemas,0,1,1,0,0,0,0,0,90000,0,64,0,Negeri Sembilan
0,TAMAN KIARA,Kuala Selangor,0,1,0,0,1,0,0,0,308000,0,258,0,Selangor
0,TAMAN SRI TEBRAU,Johor Bahru,0,0,0,0,1,1,0,0,680000,0,336,0,Johor
0,TAMAN JOHOR JAYA,Johor Bahru,0,1,0,0,1,0,0,0,450000,0,326,0,Johor
0,TAMAN REDANG,Masai,0,0,1,0,1,1,0,0,780000,0,393,0,Johor
0,TAMAN TEMIANG JAYA,Muar,0,1,0,0,1,0,0,0,610000,0,312,0,Johor
0,TAMAN PAUH JAYA,Perai,0,1,0,0,1,0,0,0,590000,0,400,0,Penang
0,TAMAN ANDALAS JAYA,Klang,0,1,0,0,1,0,0,0,655000,0,410,0,Selangor
0,TAMAN SELAYANG UTAMA,Selayang,0,1,1,0,0,0,0,0,684000,0,491,0,Selangor
0,TAMAN MAJU,Batu Pahat,0,1,0,0,1,0,0,0,365000,0,246,0,Johor
0,TAMAN SEMARAK II,Nilai,0,1,0,0,1,0,0,0,300000,0,195,0,Negeri Sembilan
0,TAMAN BUKIT DAHLIA,Pasir Gudang,0,1,1,0,1,0,0,0,480000,0,353,0,Johor
0,TAMAN BUKIT RANGIN 3,Kuantan,0,1,1,0,0,0,0,0,210000,0,167,0,Pahang
0,BANDAR SAUJANA PUTRA,Tanjong Duabelas,0,1,1,0,0,0,0,0,450000,0,339,0,Selangor
0,LAMAN SETIA,Skudai,0,1,0,0,1,0,0,0,650000,0,426,0,Johor
0,TAMAN GUNUNG PULAI,Kulai,0,1,0,0,1,0,0,0,318000,0,307,0,Johor
0,PRIMA SP BAIDURI (SP 1),Sungai Petani,0,1,0,0,1,0,0,0,270000,0,179,0,Kedah
0,TAMAN SRI SERDANG,Seri Kembangan,0,1,1,0,0,0,0,0,420000,0,286,0,Selangor
0,TAMAN TASEK GELUGOR UTAMA (SCIENTEX),Tasek Gelugor,0,1,0,0,1,0,0,0,310000,0,294,0,Penang
0,TAMAN SRI RAMPAI,Wangsa Maju,0,1,0,0,1,0,0,0,505000,0,566,0,Kuala Lumpur
0,TAMAN NUSA DAMAI,Pasir Gudang,0,1,0,0,1,0,0,0,365000,0,309,0,Johor
0,TAMAN INDAH JAYA,Kluang,0,1,0,0,1,0,0,0,240000,0,179,0,Johor
0,KAMPUNG TASIK TAMBAHAN,Ampang,0,1,1,0,0,0,0,0,420000,0,405,0,Selangor
0,AMBER 1@BUKIT SENTOSA,Serendah,0,1,0,0,1,0,0,0,430000,0,332,0,Selangor
0,SEKSYEN 19 SHAH ALAM,Shah Alam,0,1,1,0,0,0,0,0,450000,0,321,0,Selangor
0,TAMAN TEHEL IMPIAN (SAUJANA PERDANA),Bemban,0,1,0,0,1,0,0,0,291230,0,182,0,Melaka
0,TAMAN DESA PD,Linggi,0,1,0,0,1,0,0,0,180000,0,131,0,Negeri Sembilan
0,TAMAN DESA JAWI,Nibong Tebal,0,1,1,0,0,0,0,0,190000,0,199,0,Penang
0,TUNAS MAHKOTA,Kuantan,0,1,1,0,1,0,0,0,195000,0,160,0,Pahang
0,SEKSYEN 3 BANDAR BARU BANGI,Bangi,0,1,1,0,0,0,0,0,590000,0,357,0,Selangor
0,TAMAN SENAI UTAMA,Kulai,0,1,0,0,1,0,0,0,420000,0,260,0,Johor
0,SEKSYEN 14,Petaling Jaya,0,1,1,0,0,0,0,0,715000,0,333,0,Selangor
0,TAMAN CEMPAKA INDAH (PEC LOT 8029),Triang,0,1,0,0,1,0,0,0,288000,0,139,0,Pahang
0,SAMARIANG AMAN,Kuching,0,1,1,0,0,0,0,0,372500,0,198,0,Sarawak
0,TAMAN KLEMERU (P/L : 48396),Ipoh,0,1,1,0,0,0,0,0,403000,0,229,0,Perak
0,SS5 PETALING JAYA,Petaling Jaya,0,1,0,0,1,0,0,0,700000,0,378,0,Selangor
0,TAMAN CEMPAKASARI,Kapar,0,1,1,0,0,0,0,0,360000,0,276,0,Selangor
0,TAMAN NILAM,Kuah,0,1,1,0,0,0,0,0,145000,0,101,0,Kedah
0,TAMAN SRI JAYA (SUNGAI PELIK),Sepang,0,1,0,0,1,0,0,0,598000,0,301,0,Selangor
0,"TAMAN SRI MEWAH, MERU",Kapar,0,1,0,0,1,0,0,0,610000,0,441,0,Selangor
0,TAMAN JASMIN,Kajang,0,1,0,0,1,0,0,0,442000,0,357,0,Selangor
0,TAMAN GADONG BAHAGIA,Balai Panjang,0,1,0,0,1,0,0,0,312000,0,203,0,Melaka
0,DESA MAYANG SARI,Nilai,0,1,0,0,1,0,0,0,718000,0,511,0,Negeri Sembilan
0,BANDAR PUTERI JAYA SEKSYEN 2,Sungai Petani,0,1,0,0,1,0,0,0,275000,0,180,0,Kedah
0,KEPONG BARU,Kepong,0,1,1,0,1,0,0,0,667500,0,445,0,Kuala Lumpur
0,BANDAR BARU PUTRA,Ipoh,0,1,1,0,1,0,0,0,212500,0,159,0,Perak
0,TAMAN SERI SEMENTA,Kapar,0,1,1,0,0,0,0,0,332500,0,246,0,Selangor
0,OFF JALAN TELOK GADONG,Klang,0,1,0,0,1,0,0,0,600000,0,302,0,Selangor
0,TAMAN BUKIT EMAS,Sungei Petai,0,1,0,0,1,0,0,0,252500,0,160,0,Melaka
0,BUKIT BERUNTUNG,Serendah,0,1,0,0,1,0,0,0,300000,0,222,0,Selangor
0,TAMAN DESA CHEMOR IMPIAN,Chemor,0,1,1,0,0,0,0,0,342240,0,244,0,Perak
0,TANJUNG TEMASEK FASA 1,Ipoh,0,1,1,0,0,0,0,0,298800,0,226,0,Perak
0,REGENT PARK,Miri,0,1,1,0,0,0,0,0,338888,0,233,0,Sarawak
0,TAMAN BIDARA PALMA,Sungei Baru Tengah,0,1,0,0,1,0,0,0,240000,0,118,0,Melaka
0,TAMAN ENG ANN,Klang,0,1,0,0,1,0,0,0,480000,0,240,0,Selangor
0,E-RESIDENCE,Kuching,0,1,1,0,0,0,0,0,600000,0,254,0,Sarawak
0,TAMAN NESA,Skudai,0,1,1,0,1,0,0,0,380000,0,292,0,Johor
0,BANDAR PUCHONG JAYA,Puchong,0,1,0,0,1,0,0,0,725000,0,513,0,Selangor
0,TAMAN DATO CHELLAM,Ulu Tiram,0,1,0,0,1,0,0,0,630000,0,427,0,Johor
0,TAMAN LIMBONGAN PERMAI,Klebang,0,1,0,0,1,0,0,0,289000,0,187,0,Melaka
0,"P/L 2366, 2367, 3694, 3752 & 4169",Kuantan,0,1,0,0,1,0,0,0,468880,0,305,0,Pahang
0,LAMAN INDAH 1,Iskandar Puteri (Nusajaya),0,1,0,0,1,0,0,0,385000,0,358,0,Johor
0,EKA HEIGHTS - PRECINCT 3B,Labu,0,1,0,0,1,0,0,0,400000,0,267,0,Negeri Sembilan
0,SCIENTEX KUNDANG JAYA,Rawang,0,1,0,0,1,0,0,0,504339,0,403,0,Selangor
0,TAMAN KOTA MASAI,Pasir Gudang,0,1,0,0,1,0,0,0,345000,0,323,0,Johor
0,TAMAN SERI IMPIAN,Bukit Mertajam,0,1,0,0,1,0,0,0,589000,0,405,0,Penang
0,GREEN PAVILION RESIDENCE,Kulai,0,1,0,0,1,0,0,0,685000,0,457,0,Johor
0,TAMAN BUKIT PERMATA,Selayang,0,1,0,0,1,0,0,0,310281,0,56,0,Selangor
0,TAMAN SENTORIA,Kota Samarahan,0,1,0,0,1,0,0,0,320000,0,248,0,Sarawak
0,TAMAN INTAN MAS I & III,Teluk Intan,0,1,1,0,1,0,0,0,476888,0,255,0,Perak
0,TAMAN DESA ANUGERAH,Sepang,0,1,1,0,0,0,0,0,381000,0,272,0,Selangor
0,GALENA VILLA @TAMAN BUKIT GALENA,Seremban,0,1,0,0,1,0,0,0,568000,0,397,0,Negeri Sembilan
0,BANDAR HILLPARK,Bandar Puncak Alam,0,1,1,0,0,0,0,0,560000,0,341,0,Selangor
0,TAMAN MANTAU INDAH,Seremban 2,0,1,0,0,1,0,0,0,300000,0,200,0,Negeri Sembilan
0,BANDAR TASEK MUTIARA,Simpang Ampat,0,1,0,0,1,0,0,0,425000,0,270,0,Penang
0,TAMAN KERAMAT PERMAI,Ulu Klang,0,1,1,0,0,0,0,0,600000,0,452,0,Selangor
0,TAMAN KOBENA,Tampoi,0,1,1,0,0,0,0,0,330000,0,206,0,Johor
0,TAMAN SERI KERAMAT,Ulu Klang,0,1,1,0,0,0,0,0,640000,0,359,0,Selangor
0,TAMAN IPOH,Ipoh,0,1,0,0,1,0,0,0,347500,0,196,0,Perak
0,TAMAN SINAR MENTARI,Bedong,0,1,0,0,1,0,0,0,235000,0,149,0,Kedah
0,TAMAN PUSING PERMAI,Pusing,0,1,1,0,0,0,0,0,273800,0,229,0,Perak
0,BANDAR PUTERA 2,Klang,0,1,1,0,0,0,0,0,411640,0,344,0,Selangor
0,SERENIA CITY,Dengkil,0,1,0,0,1,0,0,0,828888,0,532,0,Selangor
0,M RESIDENCE,Rawang,0,1,0,0,1,0,0,0,623400,0,360,0,Selangor
0,SETIA ECOHILL,Semenyih,0,1,0,0,1,0,0,0,670000,0,354,0,Selangor
0,TAMAN BESTARI INDAH,Ulu Tiram,0,1,0,0,1,0,0,0,832000,0,471,0,Johor
0,TAMAN ECO FLORA,Tebrau,0,1,0,0,1,0,0,0,880000,0,523,0,Johor
0,TAMAN GRANDVIEW,Sandakan,0,1,1,0,0,0,0,0,430000,0,208,0,Sabah
0,TAMAN TEHEL INDAH,Bemban,0,1,0,0,1,0,0,0,497000,0,337,0,Melaka
0,MAHKOTA IMPIAN (P/L 164414),Kuantan,0,1,0,0,1,0,0,0,314500,0,169,0,Pahang
0,TAMAN PERPADUAN KOPERASI,Tambun,0,1,1,0,0,0,0,0,342500,0,216,0,Perak
0,TAMAN AROWANA [LENGGENG],Lenggeng,0,1,1,0,0,0,0,0,476240,0,310,0,Negeri Sembilan
0,TAMAN SEJAHTERA (SPT),Bukit Mertajam,0,1,0,0,1,0,0,0,350000,0,297,0,Penang
0,TAMAN ANGSAMAS,Rasah,0,1,0,0,1,0,0,0,205000,0,172,0,Negeri Sembilan
0,PINGGIRAN PUTRA 4 (PL 3178),Kuantan,0,1,0,0,1,0,0,0,335000,0,157,0,Pahang
0,TAMAN NUSA PERINTIS II,Iskandar Puteri (Nusajaya),0,1,0,0,1,0,0,0,498500,0,409,0,Johor
0,TAMAN CEMPAKA,Banting,0,1,0,0,1,0,0,0,450000,0,227,0,Selangor
0,TAMAN KLANG UTAMA,Kapar,0,1,0,0,1,0,0,0,427500,0,403,0,Selangor
0,TAMAN KOTA IMPIAN @ IMPIAN HILLS,Kota Tinggi,0,1,0,0,1,0,0,0,713000,0,405,0,Johor
0,TAMAN UNGKU TUN AMINAH,Skudai,0,1,0,0,1,0,0,0,530000,0,322,0,Johor
0,TAMAN KAMUNTING PUTRA FASA 1,Kamunting,0,1,1,0,0,0,0,0,171000,0,131,0,Perak
0,BANDAR NUSAPUTRA,Puchong,0,1,1,0,1,0,0,0,635000,0,347,0,Selangor
0,TAMAN MENARA MAJU,Klang,0,1,0,0,1,0,0,0,400000,0,253,0,Selangor
0,TAMAN DESA ABLELINK,Klang,0,1,0,0,1,0,0,0,445000,0,398,0,Selangor
0,TAMAN PEREPAT INDAH,Kapar,0,1,1,0,0,0,0,0,371159,0,298,0,Selangor
0,TAMAN DESA CEMERLANG,Batu Pahat,0,1,0,0,1,0,0,0,439800,0,260,0,Johor
0,TAMAN TASIK INDAH,Kluang,0,1,0,0,1,0,0,0,614000,0,258,0,Johor
0,TAMAN SEMENYIH MEWAH,Semenyih,0,1,0,0,1,0,0,0,615000,0,354,0,Selangor
0,CENTRAL CITY,Kota Samarahan,0,1,0,0,1,0,0,0,350000,0,205,0,Sarawak
0,BANDAR TIRAM,Ulu Tiram,0,1,0,0,1,0,0,0,580000,0,393,0,Johor
0,YARRA PARK (EASTFIELD),Sungai Petani,0,1,0,0,1,0,0,0,405900,0,207,0,Kedah
0,TAMAN MAWAR,Sandakan,0,1,1,0,0,0,0,0,325000,0,273,0,Sabah
0,ALAM PERDANA,Ijok,0,1,1,0,0,0,0,0,310000,0,189,0,Selangor
0,TAMAN JATI,Rawang,0,1,1,0,0,0,0,0,300000,0,293,0,Selangor
0,BANDAR BARU TAMBUN(TAMBUN PERMAI),Tambun,0,1,1,0,0,0,0,0,427500,0,273,0,Perak
0,PUNCAK ISKANDAR,Seri Iskandar,0,1,1,0,0,0,0,0,343040,0,245,0,Perak
0,DESA PANTAI INDAH,Teluk Kumbar,0,1,0,0,1,0,0,0,750000,0,536,0,Penang
0,TAMAN SUTERA,Perling,0,1,0,0,1,0,0,0,780000,0,306,0,Johor
0,TAMAN SCIENTEX (BUKIT TAMBUN PERDANA),Durian Tunggal,0,1,0,0,1,0,0,0,267000,0,226,0,Melaka
0,TAMAN LINTANG BISTARI,Sungai Siput,0,1,1,0,0,0,0,0,267284,0,175,0,Perak
0,TAMAN SEMARAK MEGAH,Tawau,0,1,1,0,0,0,0,0,365000,0,250,0,Sabah
0,TAMAN KAMUNTING PELANGI,Taiping,0,1,0,0,1,0,0,0,299000,0,203,0,Perak
0,TAMAN SRI BAHAGIA,Cheras,0,1,0,0,1,0,0,0,561000,0,447,0,Selangor
0,TAMAN SRI PENAWAR,Pengerang,0,1,1,0,0,0,0,0,525000,0,375,0,Johor
0,TAMAN KARISMA IMPIAN,Sitiawan,0,1,0,0,1,0,0,0,298800,0,193,0,Perak
0,TAMAN PANDAN PERDANA,Ampang,0,1,1,0,0,0,0,0,722500,0,484,0,Selangor
0,TAMAN BINTULU JAYA,Bintulu,0,1,0,0,1,0,0,0,80000,0,44,0,Sarawak
0,TAMAN SENGGARANG,Senggarang,0,1,0,0,1,0,0,0,150000,0,107,0,Johor
0,TAMAN TOPAZ @ SELANGORKU,Dengkil,0,1,0,0,1,0,0,0,250000,0,192,0,Selangor
0,BUKIT ANGGERIK,Cheras,0,1,1,0,0,0,0,0,493000,0,308,0,Kuala Lumpur
0,TAMAN LANGAT UTAMA 3,Tanjong Duabelas,0,1,1,0,0,0,0,0,410000,0,282,0,Selangor
0,TAMAN BERTEK,Klang,0,1,0,0,1,0,0,0,866000,0,352,0,Selangor
0,TAMAN BANDAR SENAWANG,Senawang,0,1,0,0,1,0,0,0,440000,0,246,0,Negeri Sembilan
0,TAMAN JASA INTAN FASA II,Bukit Mertajam,0,1,0,0,1,0,0,0,788800,0,434,0,Penang
0,TAMAN IMPIANA KESANG,Bemban,0,1,1,0,0,0,0,0,128730,0,92,0,Melaka
0,TAMAN SUTERA WANGI,Batu Berendam,0,1,1,0,0,0,0,0,388000,0,250,0,Melaka
0,NILAI IMPIAN,Nilai,0,1,0,0,1,0,0,0,639888,0,383,0,Negeri Sembilan
0,TAMAN PUNCAK HARMONI,Kuala Kangsar,0,1,0,0,1,0,0,0,318000,0,196,0,Perak
0,TAMAN SERAI WANGI,Padang Serai,0,1,0,0,1,0,0,0,270000,0,209,0,Kedah
0,TAMAN SRI JAYA,Batu Pahat,0,1,0,0,1,0,0,0,301500,0,201,0,Johor
0,BANDAR RINCHING,Semenyih,0,1,0,0,1,0,0,0,400000,0,292,0,Selangor
0,TAMAN KHAZANAH INDAH,Lahad Datu,0,1,1,0,0,0,0,0,250000,0,152,0,Sabah
0,BANDAR BOTANIC,Klang,0,1,0,0,1,0,0,0,767500,0,468,0,Selangor
0,OFF JALAN MERU,Klang,0,1,0,0,1,0,0,0,500000,0,274,0,Selangor
0,BANDAR SUNGAI LONG,Bandar Sungai Long,0,1,0,0,1,0,0,0,690000,0,440,0,Selangor
0,PUSAT BANDAR PUCHONG,Puchong,0,1,0,0,1,0,0,0,762500,0,531,0,Selangor
0,TAMAN PERDA INDAH,Tasek Gelugor,0,1,0,0,1,0,0,0,343800,0,157,0,Penang
0,TAMAN DATO HORMAT,Telok Panglima Garang,0,1,0,0,1,0,0,0,435000,0,293,0,Selangor
0,SEREMBAN FOREST HEIGHTS,Ampangan,0,1,0,0,1,0,0,0,637500,0,412,0,Negeri Sembilan
0,TAMAN ASEAN,Balai Panjang,0,1,0,0,1,0,0,0,382500,0,236,0,Melaka
0,TAMAN RASAH JAYA II,Rasah,0,1,0,0,1,0,0,0,235000,0,182,0,Negeri Sembilan
0,DESA SALAK PEKERTI,Sepang,0,1,1,0,0,0,0,0,499500,0,200,0,Selangor
0,BK 2 - PERUMAHAN KINRARA,Bandar Kinrara,0,1,0,0,1,0,0,0,674000,0,463,0,Selangor
0,TAMAN SERI DUYONG,Duyong,0,1,1,0,0,0,0,0,268000,0,157,0,Melaka
0,MEDAN LAHAT BARU,Lahat,0,1,1,0,0,0,0,0,288800,0,179,0,Perak
0,ATABARA RESIDENCE FASA 8 (PL 76003),Kuantan,0,1,0,0,1,0,0,0,325000,0,163,0,Pahang
0,TAMAN ARKID,Menglembu,0,1,1,0,0,0,0,0,250000,0,239,0,Perak
0,TAMAN TAN YEW LAI,Jalan Klang Lama (Old Klang Road),0,1,0,0,1,0,0,0,575000,0,417,0,Kuala Lumpur
0,"TAMAN SRI JAYA, SRI AMAN",Sri Aman,0,1,1,0,1,0,0,0,295000,0,106,0,Sarawak
0,TAMAN TUNKU MAHERAN,Jitra,0,1,0,0,1,0,0,0,255000,0,168,0,Kedah
0,TAMAN PERMATA,Ulu Klang,0,1,0,0,1,0,0,0,450000,0,439,0,Selangor
0,TAMAN SRI ANDALAS (P/L 1014),Klang,0,1,0,0,1,0,0,0,620000,0,515,0,Selangor
0,TAMAN SETAPAK (SETAPAK GARDEN),Setapak,0,1,0,0,1,0,0,0,600000,0,341,0,Kuala Lumpur
0,UDA UTAMA,Johor Bahru,0,1,0,0,1,0,0,0,809662,0,487,0,Johor
0,TAMAN WAWASAN / BANDAR BARU MERSING,Mersing,0,1,0,0,1,0,0,0,260000,0,214,0,Johor
0,"TAMAN OSCAR, SUNGAI BESAR",Sungai Besar,0,1,1,0,0,0,0,0,343440,0,147,0,Selangor
0,TAMAN PULAI EMAS,Kulai,0,1,1,0,0,0,0,0,385000,0,325,0,Johor
0,YARRA PARK SPRINGFIELD,Sungai Petani,0,1,0,0,1,0,0,0,357900,0,233,0,Kedah
0,TEMPLER RESIDENCE,Rawang,0,1,0,0,1,0,0,0,837000,0,518,0,Selangor
0,TAMAN KUALA LIPIS,Kuala Lipis,0,1,0,0,1,0,0,0,275000,0,179,0,Pahang
0,BANDAR SUNWAY SEMENYIH,Semenyih,0,1,0,0,1,0,0,0,561000,0,277,0,Selangor
0,TAMAN MALIM JAYA,Bachang,0,1,1,0,0,0,0,0,296500,0,243,0,Melaka
0,PANORAMA LAPANGAN PERDANA,Ipoh,0,1,0,0,1,0,0,0,568000,0,289,0,Perak
0,BANDAR ALAM MASAI,Masai,0,1,0,0,1,0,0,0,688000,0,364,0,Johor
0,SEKSYEN 5 BANDAR BARU BANGI,Bangi,0,1,1,0,0,0,0,0,360000,0,360,0,Selangor
0,TAMAN BUKIT SENDAYAN,Bandar Sri Sendayan,0,1,1,0,0,0,0,0,250000,0,192,0,Negeri Sembilan
0,TAMAN EHSAN JAYA,Johor Bahru,0,1,1,0,0,0,0,0,778000,0,455,0,Johor
0,KLEBANG PERDANA,Ipoh,0,1,0,0,1,0,0,0,554888,0,371,0,Perak
0,SUNWAY ALAM SURIA,Shah Alam,0,1,1,0,0,0,0,0,700000,0,395,0,Selangor
0,TAMAN BUNGA RAYA,Setapak,0,1,0,0,1,0,0,0,520000,0,363,0,Kuala Lumpur
0,P/L 104445 & P/L 104476(LOT 2507),Kuantan,0,1,0,0,1,0,0,0,271790,0,174,0,Pahang
0,TAMAN SELASEH,Batu Caves,0,1,1,0,0,0,0,0,550000,0,340,0,Selangor
0,MUTIARA HILLS @ SEMENYIH,Semenyih,0,1,0,0,1,0,0,0,547770,0,391,0,Selangor
0,TAMAN DESA BUKIT NILAM,Kapar,0,1,0,0,1,0,0,0,549900,0,391,0,Selangor
0,BANDAR SUNGAI BUAYA,Serendah,0,1,1,0,0,0,0,0,300000,0,188,0,Selangor
0,TAMAN NUSA SERI CENGAL 2 & 3,Nilai,0,1,1,0,0,0,0,0,359000,0,194,0,Negeri Sembilan
0,P/L 3487(LABU),Sepang,0,1,1,0,0,0,0,0,395000,0,211,0,Selangor
0,TAMAN SAMARINDAH,Kota Samarahan,0,1,1,0,1,0,0,0,300000,0,168,0,Sarawak
0,BANDAR BUKIT TINGGI,Pandamaran,0,1,0,0,1,0,0,0,686000,0,455,0,Selangor
0,TAMAN SEMENTA PERMAI,Kapar,0,1,0,0,1,0,0,0,358000,0,254,0,Selangor
0,TAMAN DESA IDAMAN,Durian Tunggal,0,1,0,0,1,0,0,0,320000,0,188,0,Melaka
0,TAMAN JUASSEH SENTOSA,Juasseh,0,1,0,0,1,0,0,0,81500,0,67,0,Negeri Sembilan
0,MERU SENTOSA,Ipoh,0,1,1,0,0,0,0,0,340194,0,235,0,Perak
0,TAMAN MACHANG BUBOK,Bukit Mertajam,0,1,0,0,1,0,0,0,480000,0,387,0,Penang
0,UNI GARDEN,Kota Samarahan,0,1,0,0,1,0,0,0,510000,0,238,0,Sarawak
0,LEXVIEW,Ipoh,0,1,1,0,1,0,0,0,458880,0,298,0,Perak
0,HORIZON RESIDENCE @ BUKIT INDAH,Iskandar Puteri (Nusajaya),0,1,0,0,1,0,0,0,850000,0,451,0,Johor
0,TAMAN MERAK JAYA,Simpang Ampat,0,1,0,0,1,0,0,0,315000,0,231,0,Penang
0,BUNGA RAYA,Bukit Baru,0,1,1,0,1,0,0,0,300000,0,169,0,Melaka
0,KEPONG GARDEN,Kepong,0,1,0,0,1,0,0,0,780000,0,434,0,Kuala Lumpur
0,TAMAN SEKIAH MAKMUR,Ulu Bernam,0,1,1,0,0,0,0,0,260000,0,179,0,Perak
0,TAMAN DESA TANJUNG MINYAK (SERI BERTAM),Tanjong Minyak,0,1,1,0,0,0,0,0,260000,0,181,0,Melaka
0,TAMAN SRI BAKRI III,Muar,0,1,0,0,1,0,0,0,394000,0,243,0,Johor
0,TAMAN RAJA MUDA MUSA II,Sitiawan,0,1,0,0,1,0,0,0,288800,0,180,0,Perak
0,TAMAN COLONIAL,Raub,0,1,0,0,1,0,0,0,470000,0,285,0,Pahang
0,TAMAN PUCHONG INDAH,Puchong,0,1,1,0,0,0,0,0,400000,0,334,0,Selangor
0,TAMAN PERMAIPURA,Bedong,0,1,0,0,1,0,0,0,362000,0,246,0,Kedah
0,SCIENTEX JASIN MUTIARA,Bemban,0,1,0,0,1,0,0,0,255600,0,218,0,Melaka
0,PLUMERIA @ BANDAR UNIVERSITI,Seri Iskandar,0,1,1,0,0,0,0,0,250000,0,175,0,Perak
0,TAMAN KERIAN SENTOSA,Parit Buntar,0,1,1,0,0,0,0,0,368800,0,267,0,Perak
0,TAMAN SRI PUTRI,Skudai,0,1,0,0,1,0,0,0,540000,0,344,0,Johor
0,TANJUNG TEMASEK,Ipoh,0,1,1,0,0,0,0,0,303800,0,226,0,Perak
0,TAMAN TERENDAK PERMAI,Sungai Udang,0,1,0,0,1,0,0,0,270000,0,175,0,Melaka
0,SERELYN AVENUE,Kuantan,0,1,1,0,0,0,0,0,388000,0,231,0,Pahang
0,BANDAR PUNCAK SENA,Pokok Sena,0,1,0,0,1,0,0,0,326800,0,267,0,Kedah
0,TAMAN BERCHAM RAYA,Tambun,0,1,1,0,0,0,0,0,194000,0,177,0,Perak
0,VISTA IXORA,Ipoh,0,1,1,0,0,0,0,0,398380,0,296,0,Perak
0,BISTARI PERDANA,Pasir Gudang,0,1,0,0,1,0,0,0,460000,0,384,0,Johor
0,DESA RESTU,Sepang,0,1,1,0,0,0,0,0,575000,0,437,0,Selangor
0,TAMAN SRI SKUDAI,Skudai,0,1,0,0,1,0,0,0,400000,0,283,0,Johor
0,TAMAN BUKIT FLORA,Batu Pahat,0,1,0,0,1,0,0,0,245000,0,236,0,Johor
0,TAMAN DESA INDAH,Nilai,0,1,0,0,1,0,0,0,393000,0,239,0,Negeri Sembilan
0,PRIMA @ SITIAWAN,Sitiawan,0,1,0,0,1,0,0,0,270610,0,193,0,Perak
0,TAMAN KERSANI,Kuala Pilah,0,1,0,0,1,0,0,0,298000,0,192,0,Negeri Sembilan
0,BANDAR SPRINGHILL,Jimah,0,1,0,0,1,0,0,0,220000,0,179,0,Negeri Sembilan
0,TAMAN SERI PAYA RUMPUT,Sungei Baru Tengah,0,1,0,0,1,0,0,0,260000,0,174,0,Melaka
0,TAMAN RIMBA (PEC LOT 3021),Mentakab,0,1,0,0,1,0,0,0,308000,0,185,0,Pahang
0,TAMAN PERWIRA JAYA,Tapah,0,1,1,0,0,0,0,0,169000,0,121,0,Perak
0,TAMAN FAJAR,Sandakan,0,1,1,0,0,0,0,0,320000,0,222,0,Sabah
0,P/L 174132 INDERA MAHKOTA,Kuantan,0,1,0,0,1,0,0,0,392000,0,276,0,Pahang
0,TAMAN JELITA BLOK 30,Miri,0,1,1,0,0,0,0,0,180000,0,179,0,Sarawak
0,RUMAH MAKMUR KAMPUNG TIRAM,Kuantan,0,1,1,0,0,0,0,0,80000,0,73,0,Pahang
0,TAMAN SELASIH INDAH,Kulim,0,1,0,0,1,0,0,0,542200,0,387,0,Kedah
0,TAMAN PUTERIMAS (KLUANG),Kluang,0,1,0,0,1,0,0,0,250750,0,119,0,Johor
0,TAMAN SUNGAI KAPAR INDAH,Kapar,0,1,0,0,1,0,0,0,450000,0,346,0,Selangor
0,MERIDIN EAST,Pasir Gudang,0,1,0,0,1,0,0,0,580000,0,414,0,Johor
0,TIMUR,Bandar Enstek,0,1,0,0,1,0,0,0,570000,0,264,0,Negeri Sembilan
0,M SENYUM SALAK TINGGI,Sepang,0,1,1,0,0,0,0,0,555210,0,463,0,Selangor
0,TAMAN PELANGI SEMENYIH 2,Beranang,0,1,0,0,1,0,0,0,505000,0,338,0,Selangor
0,TAMAN KELADI FASA 1,Sungai Petani,0,1,0,0,1,0,0,0,200000,0,152,0,Kedah
0,PULAU INDAH,Klang,0,1,0,0,1,0,0,0,350000,0,252,0,Selangor
0,BANDAR BARU UDA,Johor Bahru,0,1,1,0,1,0,0,0,500000,0,279,0,Johor
0,"TAMAN IDAMAN, SUNGAI SEGAMAT",Segamat,0,1,1,0,0,0,0,0,117500,0,81,0,Johor
0,TAMAN RIA JAYA FASA 2,Sungai Petani,0,1,0,0,1,0,0,0,197500,0,146,0,Kedah
0,TAMAN IMPIAN JAYA,Senai,0,1,1,0,0,0,0,0,411000,0,142,0,Johor
0,TAMAN AMAN,Kulai,0,1,0,0,1,0,0,0,280000,0,253,0,Johor
0,TAMAN SRI JAYA 1 & 2,Kluang,0,1,0,0,1,0,0,0,250000,0,169,0,Johor
0,TAMAN JUMBO,Penampang,0,1,1,0,0,0,0,0,350000,0,390,0,Sabah
0,"TAMAN PESONA, SUNGAI SEGAMAT",Segamat,0,1,0,0,1,0,0,0,363500,0,190,0,Johor
0,TAMAN CEMPAKA,Ipoh,0,1,1,0,1,0,0,0,199000,0,202,0,Perak
0,TAMAN KLEBANG JAYA,Chemor,0,1,1,0,0,0,0,0,200000,0,167,0,Perak
0,PELABUHAN KLANG,Port Klang,0,1,0,0,1,0,0,0,420000,0,249,0,Selangor
0,TAMAN INDERAWASIH,Perai,0,1,0,0,1,0,0,0,514000,0,318,0,Penang
0,TAMAN MEDAN PASIR SAUJANA,Ipoh,0,1,0,0,1,0,0,0,559000,0,336,0,Perak
0,TAMAN SERI MAHKOTA,Sitiawan,0,1,0,0,1,0,0,0,250000,0,179,0,Perak
0,TAMAN GOPENG MEWAH,Gopeng,0,1,1,0,0,0,0,0,277235,0,167,0,Perak
0,TAMAN WIDURI,Sungai Jawi,0,1,0,0,1,0,0,0,260000,0,224,0,Penang
0,TAMAN INTAN DUYUNG,Port Dickson,0,1,1,0,0,0,0,0,220000,0,150,0,Negeri Sembilan
0,LAMAN HARIS @ ECO GRANDEUR,Ijok,0,1,1,0,0,0,0,0,455000,0,325,0,Selangor
0,TAMAN SRI CENDEKIA (TAMAN CONNAUGHT),Cheras,0,1,1,0,0,0,0,0,705000,0,370,0,Kuala Lumpur
0,TAMAN DESA MELATI,Nilai,0,1,0,0,1,0,0,0,490000,0,222,0,Negeri Sembilan
0,RESIDENSI MESRA,Gurun,0,1,0,0,1,0,0,0,232000,0,141,0,Kedah
0,TAMAN NUSANTARA,Iskandar Puteri (Nusajaya),0,1,0,0,1,0,0,0,420000,0,372,0,Johor
0,TAMAN BANANG JAYA,Batu Pahat,0,1,0,0,1,0,0,0,618500,0,388,0,Johor
0,TAMAN DESA PAKATAN,Ipoh,0,1,1,0,0,0,0,0,188500,0,216,0,Perak
0,TAMAN NUSA BAYU,Iskandar Puteri (Nusajaya),0,1,0,0,1,0,0,0,600000,0,464,0,Johor
0,TAMAN WANGSA PERMAI,Kepong,0,1,1,0,0,0,0,0,737000,0,488,0,Selangor
0,BANDAR SRI ASTANA,Sungai Petani,0,1,0,0,1,0,0,0,260000,0,177,0,Kedah
0,TAMAN REM,Kota Tinggi,0,1,1,0,0,0,0,0,246600,0,160,0,Johor
0,TAMAN KLEBANG PERDANA,Ipoh,0,1,0,0,1,0,0,0,513967,0,364,0,Perak
0,TAMAN MOLEK,Johor Bahru,0,1,0,0,1,0,0,0,600000,0,322,0,Johor
0,TAMAN CASSIA BAHAU,Bahau,0,1,1,0,0,0,0,0,249000,0,192,0,Negeri Sembilan
0,TAMAN FLORA HEIGHTS,Pasir Gudang,0,1,0,0,1,0,0,0,497250,0,286,0,Johor
0,TAMAN KERIAN INDAH,Parit Buntar,0,1,0,0,1,0,0,0,498800,0,357,0,Perak
0,PER. PERMATANG BADAK PERDANA (PL 177521),Kuantan,0,1,1,0,0,0,0,0,325000,0,232,0,Pahang
0,TAMAN MERU PERDANA,Ipoh,0,1,0,0,1,0,0,0,406700,0,305,0,Perak
0,TAMAN RIMBA (PEC LOT 1135),Mentakab,0,1,0,0,1,0,0,0,137000,0,186,0,Pahang
0,TAMAN HIJRAH,Kapar,0,1,0,0,1,0,0,0,450000,0,355,0,Selangor
0,ALAM DAMAI,Cheras,0,1,1,0,0,0,0,0,859000,0,458,0,Kuala Lumpur
0,TAMAN DESA TEKKAH SENTOSA,Taiping,0,1,1,0,0,0,0,0,468800,0,367,0,Perak
0,BANDAR PUTERI KLANG,Klang,0,1,0,0,1,0,0,0,682500,0,434,0,Selangor
0,TAMAN DESA,Muar,0,1,0,0,1,0,0,0,490000,0,295,0,Johor
0,TAMAN MAHSURI,Padang Serai,0,1,0,0,1,0,0,0,270000,0,208,0,Kedah
0,TAMAN SRI SENAI,Senai,0,1,0,0,1,0,0,0,280000,0,278,0,Johor
0,TAMAN SHOREA HARTAMAS,Pasir Panjang,0,1,0,0,1,0,0,0,250000,0,183,0,Negeri Sembilan
0,LAYANGGKASA,Pasir Gudang,0,1,0,0,1,0,0,0,551650,0,384,0,Johor
0,TAMAN JENGKA SEJAHTERA (PT 29246),Chenor,0,1,1,0,0,0,0,0,243750,0,158,0,Pahang
0,DESA LAHAT SRI -WANG,Lahat,0,1,1,0,0,0,0,0,318880,0,267,0,Perak
0,SEKSYEN 20,Petaling Jaya,0,1,0,0,1,0,0,0,885000,0,426,0,Selangor
0,TAMAN PLENTONG BARU,Masai,0,1,0,0,1,0,0,0,295000,0,341,0,Johor
0,SCIENTEX SUNGAI DUA,Tasek Gelugor,0,1,0,0,1,0,0,0,331800,0,304,0,Penang
0,TAMAN IMPIANA ADRIL,Lahat,0,1,1,0,0,0,0,0,250000,0,184,0,Perak
0,TAMAN PLATINUM (RESIDENSI GATE),Dengkil,0,1,0,0,1,0,0,0,737800,0,460,0,Selangor
0,SCIENTEX IPOH - BEGONIA,Ipoh,0,1,0,0,1,0,0,0,296800,0,254,0,Perak
0,TAMAN KLANG JAYA,Klang,0,1,0,0,1,0,0,0,475000,0,232,0,Selangor
0,TAMAN SRI LAYANG,Mentakab,0,1,0,0,1,0,0,0,170000,0,160,0,Pahang
0,TAMAN IPOH SELATAN,Ipoh,0,1,0,0,1,0,0,0,397500,0,203,0,Perak
0,TAMAN RASAH JAYA I,Rasah,0,1,0,0,1,0,0,0,300000,0,202,0,Negeri Sembilan
0,TAMAN PANDAMARAN PERMAI/KOTA PENDAMAR,Klang,0,1,0,0,1,0,0,0,420000,0,312,0,Selangor
0,SETIA ECO GARDEN,Skudai,0,1,0,0,1,0,0,0,650000,0,429,0,Johor
0,TAMAN AMAN PUTRI,Sungai Buloh,0,1,0,0,1,0,0,0,872000,0,464,0,Selangor
0,TAMAN ARMANI SUNGAI PANDAN 2 (PL8492),Kuantan,0,1,0,0,1,0,0,0,266500,0,175,0,Pahang
0,TAMAN DAYA,Kepong,0,1,1,0,0,0,0,0,550000,0,515,0,Selangor
0,TAMAN PUTRI KULAI,Kulai,0,1,0,0,1,0,0,0,450000,0,292,0,Johor
0,TAMAN SRI MAWAR I,Seremban,0,1,0,0,1,0,0,0,250000,0,182,0,Negeri Sembilan
0,ALAM NUSANTARA,Setia Alam,0,1,0,0,1,0,0,0,872999,0,496,0,Selangor
0,TAMAN PELANGI [SIKAMAT],Sikamat,0,1,0,0,1,0,0,0,240000,0,179,0,Negeri Sembilan
0,IRAMA SENDAYAN 2C,Labu,0,1,0,0,1,0,0,0,584999,0,417,0,Negeri Sembilan
0,TAMAN MERBAU INDAH,Triang,0,1,0,0,1,0,0,0,200000,0,154,0,Pahang
0,GEBENG RESIDENCE (P/L PT 25173),Sungai Karang,0,1,1,0,0,0,0,0,238000,0,169,0,Pahang
0,JALAN INDAH,Sibu,0,1,1,0,0,0,0,0,267500,0,119,0,Sarawak
0,BANDAR BUKIT RAJA,Kapar,0,1,0,0,1,0,0,0,793888,0,496,0,Selangor
0,TAMAN BEMBAN RAYA,Batu Gajah,0,1,1,0,0,0,0,0,238000,0,154,0,Perak
0,TAMAN MIDAH,Cheras,0,1,0,0,1,0,0,0,815000,0,490,0,Kuala Lumpur
0,SHAHZAN,Kuantan,0,1,0,0,1,0,0,0,310000,0,210,0,Pahang
0,TAMAN DUSUN SETIA,Seremban,0,1,0,0,1,0,0,0,275000,0,238,0,Negeri Sembilan
0,TAMAN KOPERASI POLIS FASA 2,Batu Caves,0,1,0,0,1,0,0,0,460000,0,504,0,Kuala Lumpur
0,TAMAN BATU GAJAH PERDANA,Batu Gajah,0,1,1,0,0,0,0,0,275000,0,151,0,Perak
0,TAMAN LEMBAH PERMAI,Sungai Lalang,0,1,0,0,1,0,0,0,230000,0,147,0,Kedah
0,TAMAN SUBANG MEWAH,Subang Jaya,0,1,1,0,0,0,0,0,665000,0,370,0,Selangor
0,TAMAN LUMUT MEWAH 2,Lumut,0,1,0,0,1,0,0,0,418800,0,263,0,Perak
0,IRAMA SENDAYAN 2B,Labu,0,1,0,0,1,0,0,0,603444,0,424,0,Negeri Sembilan
0,TAMAN PEKATRA INDAH,Simpang Ampat,0,1,1,0,0,0,0,0,280000,0,201,0,Penang
0,TAMAN LANG RESIDENCES,Ipoh,0,1,0,0,1,0,0,0,459800,0,328,0,Perak
0,ALAMANDA PARKLAND,Serendah,0,1,0,0,1,0,0,0,475000,0,397,0,Selangor
0,TAMAN RAMBAI UTAMA,Tanjong Minyak,0,1,0,0,1,0,0,0,240000,0,200,0,Melaka
0,TAMAN JAYA UTAMA,Telok Panglima Garang,0,1,0,0,1,0,0,0,385000,0,302,0,Selangor
0,TAMAN DESA ANGGERIK (PUTRA NILAI),Nilai,0,1,0,0,1,0,0,0,345000,0,193,0,Negeri Sembilan
0,TAMAN SRI WANGSA II,Batu Gajah,0,1,1,0,0,0,0,0,229400,0,191,0,Perak
0,TAMAN RASAH JAYA V,Rasah,0,1,0,0,1,0,0,0,300000,0,182,0,Negeri Sembilan
0,TAMAN TANGGA BATU PERDANA,Tanjong Kling,0,1,1,0,0,0,0,0,308000,0,193,0,Melaka
0,"TAMAN LEKIR DAMAI, KAMPUNG KOH",Sitiawan,0,1,0,0,1,0,0,0,279400,0,178,0,Perak
0,TAMAN KLEDANG MAS,Ipoh,0,1,1,0,0,0,0,0,320000,0,230,0,Perak
0,TAMAN HALAMAN INDAH,Sungai Jawi,0,1,0,0,1,0,0,0,340000,0,248,0,Penang
0,TAMAN AMALINA LESTARI,Raub,0,1,1,0,0,0,0,0,200000,0,168,0,Pahang
0,TAMAN ANGGUN,Rawang,0,1,0,0,1,0,0,0,837000,0,409,0,Selangor
0,TAMAN TOK MUDA SEJAHTERA,Kapar,0,1,0,0,1,0,0,0,378000,0,295,0,Selangor
0,TAMAN SRI KLUANG,Kluang,0,1,0,0,1,0,0,0,307500,0,210,0,Johor
0,TAMAN BIDARA,Bukit Mertajam,0,1,0,0,1,0,0,0,279000,0,282,0,Penang
0,TAMAN INTAN,Kluang,0,1,0,0,1,0,0,0,220000,0,188,0,Johor
0,TAMAN TUNKU,Miri,0,1,1,0,0,0,0,0,288000,0,182,0,Sarawak
0,TAMAN BAYU PERDANA,Klang,0,1,0,0,1,0,0,0,560000,0,368,0,Selangor
0,TAMAN DESA BUKIT PERMATA,Kapar,0,1,0,0,1,0,0,0,460000,0,191,0,Selangor
0,TAMAN MESRA IMPIAN,Kampar,0,1,1,0,0,0,0,0,300000,0,214,0,Perak
0,ARDEN HILL @SEREMBAN FOREST HEIGHTS,Ampangan,0,1,0,0,1,0,0,0,614500,0,418,0,Negeri Sembilan
0,TAMAN TAN SRI FUZI,Seri Iskandar,0,1,0,0,1,0,0,0,228000,0,163,0,Perak
0,TAMAN SATRIA JAYA,Kuching,0,1,1,0,0,0,0,0,580000,0,284,0,Sarawak
0,TAMAN KELADI FASA 2,Sungai Petani,0,1,0,0,1,0,0,0,215000,0,176,0,Kedah
0,TAMAN MUHIBAH,Kulai,0,1,0,0,1,0,0,0,290000,0,342,0,Johor
0,BANDAR BESTARI PERMAI,Kuala Ketil,0,1,0,0,1,0,0,0,237500,0,136,0,Kedah
0,USJ 9,Subang Jaya,0,1,0,0,1,0,0,0,850000,0,484,0,Selangor
0,TAMAN RIA,Sungai Petani,0,1,0,0,1,0,0,0,220000,0,152,0,Kedah
0,PERKAMPUNGAN SRI MAHKOTA AMAN,Kuantan,0,1,0,0,1,0,0,0,250000,0,156,0,Pahang
0,PUNCAK BOUGAINVILLEA,Padang Rengas,0,1,0,0,1,0,0,0,274440,0,187,0,Perak
0,BANDAR BARU KAMPAR,Kampar,0,1,1,0,0,0,0,0,272500,0,195,0,Perak
0,TAMAN TUNKU SARINA,Jitra,0,1,0,0,1,0,0,0,325000,0,182,0,Kedah
0,TAMAN INDAH PERMAI,Kota Kinabalu,0,1,1,0,0,0,0,0,520000,0,335,0,Sabah
0,TAMAN PAKATAN JAYA,Tambun,0,1,1,0,0,0,0,0,302500,0,245,0,Perak
0,TAMAN BAKTI [YNS],Labu,0,1,0,0,1,0,0,0,80000,0,67,0,Negeri Sembilan
0,RPA RIMBA PANJANG,Sungai Siput,0,1,1,0,0,0,0,0,115000,0,77,0,Perak
0,TAMAN BUKIT MEWAH,Tampoi,0,1,0,0,1,0,0,0,540000,0,415,0,Johor
0,TAMAN TASIK PERDANA,Pengkalan Hulu,0,1,1,0,0,0,0,0,188000,0,157,0,Perak
0,TAMAN PUNCAK JALIL,Seri Kembangan,0,1,1,0,0,0,0,0,580000,0,400,0,Selangor
0,TAMAN GUAR PERAHU (TAMAN BERKAT),Kubang Semang,0,1,0,0,1,0,0,0,292500,0,241,0,Penang
0,TAMAN RAIA SENTOSA (PRIMA SUNGAI RAYA),Simpang Pulai,0,1,1,0,0,0,0,0,285000,0,219,0,Perak
0,TAMAN TUALANG INDAH,Mentakab,0,1,0,0,1,0,0,0,210000,0,144,0,Pahang
0,TAMAN MERU 2B (FASA I-IV),Ipoh,0,1,1,0,0,0,0,0,280000,0,247,0,Perak
0,TAMAN KEMPAS,Tampoi,0,1,0,0,1,0,0,0,390000,0,311,0,Johor
0,TAMAN RIANG DIAWAN,Kampar,0,1,1,0,0,0,0,0,239800,0,171,0,Perak
0,TAMAN SERI MENGKUANG,Kuala Selangor,0,1,0,0,1,0,0,0,342500,0,222,0,Selangor
0,TAMAN SCIENTEX SENAI,Senai,0,1,0,0,1,0,0,0,480000,0,446,0,Johor
0,TAMAN KIEN LEONG/KIM CHUAN,Klang,0,1,0,0,1,0,0,0,500000,0,325,0,Selangor
0,BANDAR SRI INDAH,Tawau,0,1,1,0,0,0,0,0,385000,0,169,0,Sabah
0,TAMAN SRI ANGGERIK,Rantau,0,1,1,0,1,0,0,0,190000,0,122,0,Negeri Sembilan
0,TAMAN ANGGERIK,Tampoi,0,1,0,0,1,0,0,0,335000,0,357,0,Johor
0,TTDI JAYA,Shah Alam,0,1,0,0,1,0,0,0,600000,0,382,0,Selangor
0,CALEDONIA,Ijok,0,1,0,0,1,0,0,0,509800,0,392,0,Selangor
0,TAMAN BANDAR BARU LAHAT,Lahat,0,1,1,0,0,0,0,0,255100,0,239,0,Perak
0,TAMAN AMANSARA (AMANSARA SOUTH),Kepala Batas,0,1,0,0,1,0,0,0,481287,0,268,0,Penang
0,TAMAN DAMAI JAYA,Skudai,0,1,0,0,1,0,0,0,325000,0,387,0,Johor
0,TAMAN SEPADU JAYA (D'HALONA PLACE),Penaga,0,1,0,0,1,0,0,0,307000,0,277,0,Penang
0,TAMAN MUTIARA GADING (TR 277),Batu Pahat,0,1,0,0,1,0,0,0,495805,0,354,0,Johor
0,TAMAN TASEK MUTIARA,Ipoh,0,1,0,0,1,0,0,0,370000,0,250,0,Perak
0,BANDAR PARKLANDS,Klang,0,1,0,0,1,0,0,0,879000,0,430,0,Selangor
0,TAMAN MERAK,Simpang Ampat,0,1,0,0,1,0,0,0,297500,0,291,0,Penang
0,TAMAN SEMARANG TROPIKA,Dengkil,0,1,1,0,0,0,0,0,640000,0,457,0,Selangor
0,TAMAN KLEBANG MUTIARA,Ipoh,0,1,1,0,0,0,0,0,300000,0,214,0,Perak
0,SS17,Subang Jaya,0,1,0,0,1,0,0,0,880000,0,471,0,Selangor
0,TAMAN KLUANG INDAH,Kluang,0,1,0,0,1,0,0,0,250000,0,209,0,Johor
0,TAMAN BUKIT RANGIN PERDANA 1 & 2,Kuantan,0,1,1,0,0,0,0,0,225000,0,173,0,Pahang
0,PUTRA HEIGHTS,Subang Jaya,0,1,0,0,1,0,0,0,855000,0,448,0,Selangor
0,TAMAN SCIENTEX UTAMA,Kulai,0,1,0,0,1,0,0,0,500000,0,426,0,Johor
0,TAMAN KOTA SRI AHMAD SHAH,Kuantan,0,1,1,0,0,0,0,0,582222,0,334,0,Pahang
0,TAMAN KERUING,Batang Kali,0,1,1,0,0,0,0,0,300000,0,198,0,Selangor
0,TAMAN KLEBANG PUTRA,Ipoh,0,1,0,0,1,0,0,0,317600,0,209,0,Perak
0,TAMAN BUKIT INDAH,Iskandar Puteri (Nusajaya),0,1,0,0,1,0,0,0,695000,0,425,0,Johor
0,TAMAN PARKLAND,Kluang,0,1,0,0,1,0,0,0,150000,0,107,0,Johor
0,TAMAN CHERAS IDAMAN,Cheras,0,1,1,0,1,0,0,0,830000,0,473,0,Selangor
0,CHEMOR KAYANGAN,Ipoh,0,1,1,0,0,0,0,0,228000,0,156,0,Perak
0,TAMAN BUKIT KAYA,Bukit Kepayang,0,1,0,0,1,0,0,0,300000,0,151,0,Negeri Sembilan
0,BANDAR BUKIT TINGGI,Klang,0,1,0,0,1,0,0,0,750000,0,468,0,Selangor
0,TAMAN GEMBIRA,Tampoi,0,1,0,0,1,0,0,0,432500,0,283,0,Johor
0,TAMAN IMPIAN INDAH,Bukit Mertajam,0,1,0,0,1,0,0,0,375000,0,310,0,Penang
0,TAMAN ZAMRUD,Parit Buntar,0,1,1,0,1,0,0,0,366075,0,191,0,Perak
0,TAMAN SELATAN,Klang,0,1,0,0,1,0,0,0,655000,0,296,0,Selangor
0,TAMAN BUKIT KOMAN 2,Raub,0,1,1,0,0,0,0,0,297600,0,208,0,Pahang
0,BANDAR BARU PERMAS JAYA,Permas Jaya,0,1,0,0,1,0,0,0,500000,0,392,0,Johor
0,TAMAN ANGGERIK HEIGHTS,Bentong,0,1,0,0,1,0,0,0,338000,0,242,0,Pahang
0,TAMAN LAHAT SENTOSA (MOSEY HILL),Ipoh,0,1,1,0,0,0,0,0,399880,0,207,0,Perak
0,TAMAN NILAM SARI,Seremban,0,1,1,0,0,0,0,0,411800,0,317,0,Negeri Sembilan
0,TAMAN DESA SKUDAI,Skudai,0,1,0,0,1,0,0,0,455000,0,222,0,Johor
0,TAMAN SINAR PELANGI,Batu Pahat,0,1,0,0,1,0,0,0,594150,0,341,0,Johor
0,TAMAN KINDING AKASIA,Ipoh,0,1,1,0,0,0,0,0,260000,0,186,0,Perak
0,TAMAN SAUJANA HARMONI,Batu Gajah,0,1,1,0,0,0,0,0,288000,0,180,0,Perak
0,NUSARI AMAN 1,Bandar Sri Sendayan,0,1,0,0,1,0,0,0,345000,0,247,0,Negeri Sembilan
0,RPR SUNGAI PLAN,Bintulu,0,1,1,0,0,0,0,0,270000,0,196,0,Sarawak
0,TAMAN EHSAN,Kepong,0,1,1,0,0,0,0,0,505000,0,305,0,Selangor
0,TAMAN SERI BAYU 2,Sungai Lalang,0,1,0,0,1,0,0,0,320000,0,268,0,Kedah
0,RENDANG EXORA (PEC LOT 24818),Pekan,0,1,0,0,1,0,0,0,260000,0,186,0,Pahang
0,TAMAN DESA JASMIN,Nilai,0,1,0,0,1,0,0,0,334500,0,210,0,Negeri Sembilan
0,YARRA PARK (RESIDENSI SINAR),Sungai Petani,0,1,0,0,1,0,0,0,200000,0,143,0,Kedah
0,BANDAR TASIK IDAMAN,Batu Gajah,0,1,1,0,0,0,0,0,440300,0,270,0,Perak
0,TAMAN BUKIT RAHMAN PUTRA,Rawang,0,1,0,0,1,0,0,0,680000,0,404,0,Selangor
0,PINGGIRAN BAYU (MANTAU),Rasah,0,1,0,0,1,0,0,0,488000,0,349,0,Negeri Sembilan
0,BANDAR AMANJAYA (ZON SEROJA),Sungai Petani,0,1,0,0,1,0,0,0,220000,0,180,0,Kedah
0,TAMAN MURNI,Batu Pahat,0,1,0,0,1,0,0,0,327500,0,233,0,Johor
0,KOTA KEMUNING,Shah Alam,0,1,0,0,1,0,0,0,844000,0,417,0,Selangor
0,TAMAN CHERAS JAYA,Balakong,0,1,1,0,0,0,0,0,425000,0,249,0,Selangor
0,LEMBAH BERINGIN,Kuala Kubu Baru,0,1,0,0,1,0,0,0,155000,0,70,0,Selangor
0,TAMAN BUKIT TIRAM,Ulu Tiram,0,1,0,0,1,0,0,0,380000,0,366,0,Johor
0,TAMAN SELAYANG JAYA,Selayang,0,1,0,0,1,0,0,0,680000,0,551,0,Selangor
0,TAMAN TASIK UTAMA,Bukit Katil,0,1,1,0,0,0,0,0,270000,0,175,0,Melaka
0,TAMAN BEMBAN SETIA,Batu Gajah,0,1,1,0,0,0,0,0,240000,0,166,0,Perak
0,TAMAN PUTRA INDAH,Ipoh,0,1,0,0,1,0,0,0,240000,0,180,0,Perak
0,TAMAN INTAN PERDANA,Telok Kemang,0,1,1,0,1,0,0,0,220000,0,154,0,Negeri Sembilan
0,TAMU HILL PARK,Batang Kali,0,1,0,0,1,0,0,0,400000,0,244,0,Selangor
0,TAMAN DESA RISHAH INDAH,Ipoh,0,1,1,0,0,0,0,0,449000,0,261,0,Perak
0,TAMAN LAGENDA AMAN,Tapah,0,1,1,0,0,0,0,0,219300,0,168,0,Perak
0,HIJAYU 1,Bandar Sri Sendayan,0,1,0,0,1,0,0,0,500000,0,283,0,Negeri Sembilan
0,PR1MA @ PORT DICKSON,Lukut,0,1,0,0,1,0,0,0,287850,0,210,0,Negeri Sembilan
0,TAMAN CHERAS PERDANA,Cheras,0,1,0,0,1,0,0,0,445000,0,361,0,Selangor
0,TAMAN KOPERASI MUHIBBAH,Kluang,0,1,0,0,1,0,0,0,180000,0,182,0,Johor
0,TAMAN PERTAM JAYA,Melaka City,0,1,1,0,0,0,0,0,580000,0,402,0,Melaka
0,TAMAN JENDERAM SUTERA,Dengkil,0,1,0,0,1,0,0,0,585000,0,418,0,Selangor
0,TAMAN SETIA INDAH,Tebrau,0,1,0,0,1,0,0,0,610000,0,382,0,Johor
0,TAMAN DESA JAYA,Kepong,0,1,1,0,0,0,0,0,500000,0,349,0,Selangor
0,TAMAN MALIHAH,Kuching,0,1,1,0,0,0,0,0,248000,0,133,0,Sarawak
0,"TAMAN MELATI INDAH, PUNDUT",Lumut,0,1,0,0,1,0,0,0,420000,0,270,0,Perak
0,BANDAR SERI ALAM,Pasir Gudang,0,1,0,0,1,0,0,0,340000,0,361,0,Johor
0,TAMAN MUTIARA RINI,Skudai,0,1,1,0,0,0,0,0,672000,0,396,0,Johor
0,BEHRANG 2020 / TAMAN WAWASAN,Ulu Bernam,0,1,0,0,1,0,0,0,252500,0,198,0,Perak
0,TAMAN BUNGA RAYA,Serendah,0,1,1,0,0,0,0,0,200000,0,186,0,Selangor
0,TAMAN SEROJA,Sepang,0,1,1,0,0,0,0,0,400000,0,156,0,Selangor
0,TAMAN LANGAT UTAMA 2,Tanjong Duabelas,0,1,1,0,0,0,0,0,435000,0,244,0,Selangor
0,TAMAN MALURI,Cheras,0,1,1,0,0,0,0,0,780000,0,303,0,Kuala Lumpur
0,TAMAN SETIA JAYA,Batu Pahat,0,1,0,0,1,0,0,0,380000,0,234,0,Johor
0,LOT 11666-11704 PERUMAHAN BALOK PERDANA,Sungai Karang,0,1,1,0,0,0,0,0,315000,0,205,0,Pahang
0,TAMAN PD UTAMA,Port Dickson,0,1,0,0,1,0,0,0,195000,0,136,0,Negeri Sembilan
0,TAMAN MENTAKAB INDAH,Mentakab,0,1,0,0,1,0,0,0,105500,0,101,0,Pahang
0,TAMAN BANDAR UNIVERSITI PARIT RAJA,Batu Pahat,0,1,0,0,1,0,0,0,326970,0,209,0,Johor
0,TAMAN SEMANTAN INDAH,Mentakab,0,1,0,0,1,0,0,0,257500,0,146,0,Pahang
0,TAMAN KIRANA,Kluang,0,1,1,0,0,0,0,0,170800,0,125,0,Johor
0,TAMAN RAIA UTAMA,Gopeng,0,1,0,0,1,0,0,0,268000,0,192,0,Perak
0,TAMAN PERLING LABIS- TR 74,Labis,0,1,0,0,1,0,0,0,386400,0,224,0,Johor
0,TAMAN AMAN 3,Lahad Datu,0,1,1,0,0,0,0,0,375000,0,176,0,Sabah
0,TAMAN RAUB JAYA 3,Raub,0,1,0,0,1,0,0,0,272500,0,251,0,Pahang
0,SEKSYEN 8 BANDAR BARU BANGI,Bangi,0,1,1,0,0,0,0,0,590000,0,384,0,Selangor
0,BANDAR BARU KUANTAN PUTRI,Kuantan,0,1,1,0,0,0,0,0,202500,0,159,0,Pahang
0,BANDAR PUTERI JAYA SEKSYEN 1,Sungai Petani,0,1,0,0,1,0,0,0,228000,0,200,0,Kedah
0,TAMAN SURIA (SUN LAND RESIDENCE),Ipoh,0,1,1,0,0,0,0,0,548000,0,329,0,Perak
0,TAMAN DESA INTAN,Kapar,0,1,1,0,1,0,0,0,423250,0,322,0,Selangor
0,TAMAN PENGKALAN PRISMA,Batu Gajah,0,1,1,0,0,0,0,0,290000,0,168,0,Perak
0,TAMAN KRUBONG HEIGHTS,Krubong,0,1,0,0,1,0,0,0,405800,0,290,0,Melaka
0,TAMAN PUSING SAKURA,Batu Gajah,0,1,1,0,0,0,0,0,330880,0,236,0,Perak
0,TAMAN SAUJANA PUCHONG,Puchong,0,1,1,0,1,0,0,0,531000,0,374,0,Selangor
0,TAMAN JATI,Batu Berendam,0,1,1,0,1,0,0,0,380000,0,269,0,Melaka
0,TAMAN ANGSAMAS 2,Rasah,0,1,0,0,1,0,0,0,80000,0,67,0,Negeri Sembilan
0,DESA SEJIJAK,Kuching,0,1,1,0,0,0,0,0,176050,0,166,0,Sarawak
0,TAMAN DESARIA,Nilai,0,1,0,0,1,0,0,0,310000,0,177,0,Negeri Sembilan
0,TAMAN MAWAR,Pasir Gudang,0,1,1,0,0,0,0,0,390000,0,313,0,Johor
0,TAMAN MERDEKA FASA 1D,Batu Berendam,0,1,1,0,0,0,0,0,275000,0,232,0,Melaka
0,TAMAN BERTAM PUTRA,Tanjong Minyak,0,1,0,0,1,0,0,0,488000,0,311,0,Melaka
0,LEX LIVING,Ipoh,0,1,0,0,1,0,0,0,568880,0,323,0,Perak
0,GARDEN HOMES @ SEREMBAN 2,Seremban 2,0,1,0,0,1,0,0,0,370000,0,220,0,Negeri Sembilan
0,BANDAR SEBERANG JAYA,Seberang Jaya,0,1,1,0,0,0,0,0,280000,0,294,0,Penang
0,TAMAN SAGA,Senai,0,1,0,0,1,0,0,0,270000,0,259,0,Johor
0,TAMAN LUKUT ERA,Lukut,0,1,0,0,1,0,0,0,418000,0,217,0,Negeri Sembilan
0,TAMAN EHSAN JAYA,Ulu Tiram,0,1,1,0,0,0,0,0,670000,0,499,0,Johor
0,TAMAN SRI PULAI PERDANA,Kulai,0,1,0,0,1,0,0,0,499000,0,382,0,Johor
0,TAMAN SENTOSA,Klang,0,1,0,0,1,0,0,0,450000,0,357,0,Selangor
0,TAMAN SRI PUTRA,Banting,0,1,1,0,1,0,0,0,342500,0,220,0,Selangor
0,DESA PENGKALAN BERSATU,Ipoh,0,1,1,0,0,0,0,0,309800,0,241,0,Perak
0,TAMAN JUASSEH SENTOSA FASA 2,Juasseh,0,1,0,0,1,0,0,0,249800,0,158,0,Negeri Sembilan
0,TAMAN PARIT BAKAR INDAH-TR.149,Muar,0,1,0,0,1,0,0,0,498000,0,282,0,Johor
0,TAMAN PUCHONG PERDANA,Puchong,0,1,1,0,0,0,0,0,375000,0,342,0,Selangor
0,TAMAN VISTA JAYA,Port Dickson,0,1,1,0,0,0,0,0,175000,0,140,0,Negeri Sembilan
0,TAMAN SEREMBAN 3,Rasah,0,1,0,0,1,0,0,0,390000,0,231,0,Negeri Sembilan
0,REJANG PARK,Sibu,0,1,1,0,0,0,0,0,380000,0,197,0,Sarawak
0,TAMAN CHAI LENG,Perai,0,1,0,0,1,0,0,0,490000,0,265,0,Penang
0,MEDAN KLEBANG RESTU,Chemor,0,1,0,0,1,0,0,0,235000,0,172,0,Perak
0,TAMAN POLO LAGUNA @ TAMBUN,Ipoh,0,1,1,0,0,0,0,0,487800,0,349,0,Perak
0,TAMAN SRI LALANG,Kota Tinggi,0,1,0,0,1,0,0,0,340000,0,167,0,Johor
0,BANDAR DATARAN SEGAR,Lukut,0,1,0,0,1,0,0,0,459000,0,313,0,Negeri Sembilan
0,PERUMAHAN PASDEC,Kuantan,0,1,1,0,0,0,0,0,250000,0,189,0,Pahang
0,EKA HEIGHTS - PRECINCT 3A,Labu,0,1,0,0,1,0,0,0,380000,0,267,0,Negeri Sembilan
0,TAMAN BUKIT MELAKA,Bukit Baru,0,1,0,0,1,0,0,0,438000,0,227,0,Melaka
0,AUSTRA HEIGHT,Bintulu,0,1,1,0,0,0,0,0,380000,0,340,0,Sarawak
0,TAMAN SAUJANA,Kluang,0,1,0,0,1,0,0,0,150000,0,107,0,Johor
0,TAMAN CEMPAKA [SENAWANG],Senawang,0,1,1,0,0,0,0,0,295000,0,224,0,Negeri Sembilan
0,TAMAN PUTERI,Kuching,0,1,1,0,0,0,0,0,400000,0,179,0,Sarawak
0,BANDAR SCIENTEX JASIN,Jasin,0,1,0,0,1,0,0,0,180000,0,188,0,Melaka
0,TAMAN DESA DAMAI,Bentong,0,1,0,0,1,0,0,0,240000,0,192,0,Pahang
0,TAMAN EVERGREEN HEIGHTS,Batu Pahat,0,1,0,0,1,0,0,0,420000,0,244,0,Johor
0,TABUAN TRANQUILITY,Kuching,0,1,1,0,1,0,0,0,730000,0,362,0,Sarawak
0,TAMAN IMPIAN EHSAN,Balakong,0,1,1,0,0,0,0,0,330000,0,322,0,Selangor
0,TAMAN SENAI JAYA,Senai,0,1,0,0,1,0,0,0,170000,0,110,0,Johor
0,TAMAN BENTARA,Telok Panglima Garang,0,1,1,0,0,0,0,0,455000,0,287,0,Selangor
0,TAMAN ALAMANDA (KEDIAMAN),Bahau,0,1,1,0,0,0,0,0,239999,0,184,0,Negeri Sembilan
0,TAMAN WIRA (RPA MERGONG),Alor Setar,0,1,0,0,1,0,0,0,39600,0,38,0,Kedah
0,MEDAN BEMBAN MESRA,Batu Gajah,0,1,1,0,0,0,0,0,230000,0,164,0,Perak
0,BANDAR PUTERI HILLPARK,Sungai Petani,0,1,0,0,1,0,0,0,300000,0,162,0,Kedah
0,BANDAR SERI EHSAN,Tanjong Duabelas,0,1,1,0,0,0,0,0,300000,0,209,0,Selangor
0,TAMAN KOTA SELESA,Kota Tinggi,0,1,0,0,1,0,0,0,424150,0,275,0,Johor
0,HIJAYU 3B,Bandar Sri Sendayan,0,1,0,0,1,0,0,0,580000,0,309,0,Negeri Sembilan
0,PUCHONG HARTAMAS,Puchong,0,1,0,0,1,0,0,0,800000,0,495,0,Selangor
0,TAMAN SAUJANA UTAMA,Saujana Utama,0,1,1,0,0,0,0,0,497500,0,282,0,Selangor
0,NADA 4 @ NADA ALAM,Mantin,0,1,0,0,1,0,0,0,800000,0,519,0,Negeri Sembilan
0,TAMAN PERAKKU SERDANG,Sitiawan,0,1,1,0,0,0,0,0,116000,0,50,0,Perak
0,TAMAN BANTING BARU,Banting,0,1,0,0,1,0,0,0,315000,0,248,0,Selangor
0,BANDAR AMANJAYA (KEMBOJA),Sungai Petani,0,1,0,0,1,0,0,0,230000,0,165,0,Kedah
0,TIARA SENDAYAN - PRESINT 14C,Labu,0,1,0,0,1,0,0,0,512650,0,350,0,Negeri Sembilan
0,TAMAN SRI TREH (TAMAN BINTANG ANGKASA),Muar,0,1,0,0,1,0,0,0,489000,0,233,0,Johor
0,"TAMAN ALAMANDA, BANDAR BARU SEGARI",Lumut,0,1,1,0,0,0,0,0,155500,0,120,0,Perak
0,TAMAN RAIA PERDANA,Gopeng,0,1,1,0,0,0,0,0,140000,0,117,0,Perak
0,TAMAN BUKIT SEMPANG,Merlimau,0,1,0,0,1,0,0,0,311650,0,186,0,Melaka
0,TAMAN BERTAM HEIGHTS,Tanjong Minyak,0,1,0,0,1,0,0,0,180000,0,138,0,Melaka
0,TAMAN MERDEKA JAYA (AERONOTIK TAIPAN),Batu Berendam,0,1,1,0,0,0,0,0,300000,0,227,0,Melaka
0,TAMAN SAFFRON,Serendah,0,1,0,0,1,0,0,0,437100,0,357,0,Selangor
0,TAMAN AIR KEROH FASA 1-3,Bukit Katil,0,1,1,0,0,0,0,0,220000,0,159,0,Melaka
0,TAMAN PERWIRA,Simpang Ampat,0,1,0,0,1,0,0,0,290000,0,248,0,Penang
0,TAMAN BANDAR BARU SP (PKNK),Sungai Petani,0,1,0,0,1,0,0,0,200000,0,192,0,Kedah
0,TAMAN INDAH (SUNGAI UDANG),Masjid Tanah,0,1,1,0,0,0,0,0,300000,0,184,0,Melaka
0,TAMAN SENDAYAN INDAH,Bandar Sri Sendayan,0,1,0,0,1,0,0,0,271000,0,188,0,Negeri Sembilan
0,TAMAN NUSA JAYA MAS,Iskandar Puteri (Nusajaya),0,1,0,0,1,0,0,0,520000,0,325,0,Johor
0,SUBANG 2,Sungai Buloh,0,1,1,0,0,0,0,0,575000,0,463,0,Selangor
0,TAMAN TEMIANG JAYA II,Muar,0,1,0,0,1,0,0,0,865000,0,329,0,Johor
0,TAMAN SERI BAYU 2,Sungai Petani,0,1,0,0,1,0,0,0,175000,0,155,0,Kedah
0,TAMAN BERTAM IMPIAN,Tanjong Minyak,0,1,0,0,1,0,0,0,270000,0,207,0,Melaka
0,TAMAN BACANG BARU,Bachang,0,1,1,0,0,0,0,0,300000,0,219,0,Melaka
0,TAMAN MERPATI INDAH,Kulim,0,1,0,0,1,0,0,0,462000,0,330,0,Kedah
0,PANDAMARAN JAYA,Pandamaran,0,1,1,0,0,0,0,0,250000,0,200,0,Selangor
0,PERUMAHAN PRIMA BG SERAI,Bagan Serai,0,1,0,0,1,0,0,0,310000,0,222,0,Perak
0,TAMAN YPJ PUNGGAI,Pengerang,0,1,1,0,1,0,0,0,278800,0,199,0,Johor
0,TAMAN PD RESTU,Port Dickson,0,1,0,0,1,0,0,0,292045,0,209,0,Negeri Sembilan
0,TAMAN ALAMANDA,Kuala Kangsar,0,1,0,0,1,0,0,0,269800,0,203,0,Perak
0,TAMAN CEMPAKA PERDANA,Senawang,0,1,1,0,0,0,0,0,397083,0,244,0,Negeri Sembilan
0,TAMAN SERI BINTANG,Tampin,0,1,0,0,1,0,0,0,249998,0,161,0,Negeri Sembilan
0,DAHLIA GARDEN,Simpang Ampat,0,1,0,0,1,0,0,0,627000,0,462,0,Penang
0,TAMAN SOGA,Batu Pahat,0,1,0,0,1,0,0,0,330000,0,208,0,Johor
0,TAMAN BUKIT JAYA,Ulu Tiram,0,1,0,0,1,0,0,0,460000,0,310,0,Johor
0,SALAK SOUTH GARDEN (TAMAN SALAK SELATAN),Salak Selatan,0,1,0,0,1,0,0,0,550000,0,349,0,Kuala Lumpur
0,TAMAN KOTA YONG PENG,Yong Peng,0,1,0,0,1,0,0,0,240000,0,160,0,Johor
0,BANDAR SERI BOTANI,Batu Gajah,0,1,0,0,1,0,0,0,825510,0,320,0,Perak
0,SETIA IMPIAN 4,Setia Alam,0,1,0,0,1,0,0,0,705000,0,538,0,Selangor
0,TAMAN SERI AMPANG,Ipoh,0,1,1,0,0,0,0,0,280000,0,183,0,Perak
0,BANGI AVENUE,Bangi,0,1,0,0,1,0,0,0,607500,0,418,0,Selangor
0,PRIMA D'MARINA,Kuantan,0,1,1,0,0,0,0,0,431167,0,271,0,Pahang
0,SAUJANA PERDANA,Ijok,0,1,1,0,0,0,0,0,500000,0,410,0,Selangor
0,TAMAN PUTRA PERMAI,Seri Kembangan,0,1,1,0,0,0,0,0,722500,0,342,0,Selangor
0,TAMAN MAKMUR FASA 1,Lunas,0,1,0,0,1,0,0,0,300000,0,207,0,Kedah
0,"P/L 1280, KAMPUNG KOLAM",Rompin,0,1,0,0,1,0,0,0,210000,0,129,0,Pahang
0,TAMAN HUI SING,Kuching,0,1,1,0,0,0,0,0,722500,0,254,0,Sarawak
0,TAMAN TELUK VILLA,Penampang,0,1,1,0,0,0,0,0,432500,0,256,0,Sabah
0,TAMAN DESA HARMONI,Masai,0,1,0,0,1,0,0,0,450000,0,306,0,Johor
0,TAMAN SIMPANG BERSATU,Taiping,0,1,0,0,1,0,0,0,528800,0,317,0,Perak
0,TROPICANA DANGA COVE,Masai,0,1,0,0,1,0,0,0,767500,0,501,0,Johor
0,TAMAN PURA KENCANA - TR. 41,Batu Pahat,0,1,0,0,1,0,0,0,445000,0,227,0,Johor
0,RPA BEMBAN II,Batu Gajah,0,1,1,0,0,0,0,0,97500,0,77,0,Perak
0,TAMAN NUSA INTAN,Ampangan,0,1,0,0,1,0,0,0,382500,0,231,0,Negeri Sembilan
0,TAYNTON VIEW,Cheras,0,1,0,0,1,0,0,0,625000,0,362,0,Kuala Lumpur
0,TAMAN SAUJANA RAWANG,Rawang,0,1,1,0,0,0,0,0,521000,0,315,0,Selangor
0,BAYU SUTERA - PRECINCT 3B,Jimah,0,1,0,0,1,0,0,0,675888,0,483,0,Negeri Sembilan
0,TAMAN BUKIT MEWAH,Kajang,0,1,0,0,1,0,0,0,470000,0,328,0,Selangor
0,TAMAN DESA LANG INDAH,Ipoh,0,1,1,0,1,0,0,0,528800,0,315,0,Perak
0,TAMAN POLITEKNIK,Telok Kemang,0,1,0,0,1,0,0,0,230000,0,177,0,Negeri Sembilan
0,TAMAN DESA CEMERLANG,Ulu Tiram,0,1,0,0,1,0,0,0,495000,0,357,0,Johor
0,TAMAN PUTERI WANGSA,Ulu Tiram,0,1,0,0,1,0,0,0,450000,0,294,0,Johor
0,TAMAN SRI GEDONG,Sungai Petani,0,1,0,0,1,0,0,0,232500,0,159,0,Kedah
0,TAMAN LESTARI PUCHONG,Seri Kembangan,0,1,1,0,0,0,0,0,508000,0,338,0,Selangor
0,TAMAN SONG CHOON,Ipoh,0,1,1,0,0,0,0,0,237500,0,190,0,Perak
0,RPA SRI TANJUNG,Sungai Petani,0,1,0,0,1,0,0,0,27049,0,43,0,Kedah
0,TAMAN DURANDA EMAS,Kuching,0,1,1,0,0,0,0,0,180000,0,174,0,Sarawak
0,"TAMAN DESA UTAMA, SUNGAI MERAB",Dengkil,0,1,0,0,1,0,0,0,685000,0,393,0,Selangor
0,T'LAGENDA@PERAMU (P/L 23051),Pekan,0,1,1,0,1,0,0,0,288000,0,184,0,Pahang
0,TAMAN KELEMAK UTAMA,Alor Gajah,0,1,0,0,1,0,0,0,398760,0,306,0,Melaka
0,SETIA INDAH 12,Setia Alam,0,1,0,0,1,0,0,0,802000,0,561,0,Selangor
0,BANDAR TEKNOLOGI,Kajang,0,1,0,0,1,0,0,0,370000,0,269,0,Selangor
0,TAMAN UNIVERSITI,Skudai,0,1,0,0,1,0,0,0,394000,0,307,0,Johor
0,PROTON CITY,Ulu Bernam,0,1,0,0,1,0,0,0,467500,0,211,0,Perak
0,BANDAR SERI ALAM,Masai,0,1,0,0,1,0,0,0,496500,0,305,0,Johor
0,TAMAN SEMARANG INTAN,Dengkil,0,1,1,0,1,0,0,0,669600,0,321,0,Selangor
0,TAMAN PERTAMA INDAH ~ JALAN BAKRI,Bakri,0,1,0,0,1,0,0,0,820000,0,373,0,Johor
0,TAMAN BANANG HEIGHTS,Batu Pahat,0,1,0,0,1,0,0,0,410000,0,254,0,Johor
0,TAMAN BUKIT KEPAYANG,Bukit Kepayang,0,1,0,0,1,0,0,0,380000,0,231,0,Negeri Sembilan
0,TAMAN GUNUNG MAS,Tampin,0,1,0,0,1,0,0,0,200000,0,159,0,Negeri Sembilan
0,TAMAN CEMPAKA (TELUI KIRI),Teloi Kiri,0,1,0,0,1,0,0,0,180000,0,118,0,Kedah
0,BANDAR AINSDALE,Labu,0,1,0,0,1,0,0,0,623888,0,444,0,Negeri Sembilan
0,BANDAR SELESA JAYA,Skudai,0,1,0,0,1,0,0,0,462500,0,323,0,Johor
0,TAMAN ANJUNG BERCHAM MEGAH,Ipoh,0,1,0,0,1,0,0,0,337500,0,224,0,Perak
0,PULAI JAYA,Kulai,0,1,0,0,1,0,0,0,520000,0,346,0,Johor
0,BANDAR JAYA PUTRA,Ulu Tiram,0,1,0,0,1,0,0,0,620000,0,501,0,Johor
0,TAMAN TAN SRI YAACOB,Skudai,0,1,0,0,1,0,0,0,400000,0,495,0,Johor
0,TAMAN PELANGI,Semenyih,0,1,0,0,1,0,0,0,450000,0,301,0,Selangor
0,TAMAN SERI DAGANG 1,Banting,0,1,0,0,1,0,0,0,390900,0,273,0,Selangor
0,TAMAN TASIK SEMENYIH,Semenyih,0,1,1,0,0,0,0,0,465000,0,150,0,Selangor
0,TAMAN BAGAN,Butterworth,0,1,0,0,1,0,0,0,655000,0,389,0,Penang
0,"TAMAN TROPIKA, JEMENTAH",Jementah,0,1,0,0,1,0,0,0,385000,0,241,0,Johor
0,TAMAN DELIMA,Sitiawan,0,1,0,0,1,0,0,0,368800,0,180,0,Perak
0,TAMAN IMPIAN PUTRA,Bangi,0,1,1,0,0,0,0,0,440000,0,365,0,Selangor
0,KOTA SERIBONG,Padang Enggang,0,1,1,0,0,0,0,0,470000,0,361,0,Kelantan
0,TAMAN NUSA BESTARI 2,Iskandar Puteri (Nusajaya),0,1,0,0,1,0,0,0,540000,0,363,0,Johor
0,INDAHPURA,Kulai,0,1,0,0,1,0,0,0,680000,0,377,0,Johor
0,BANDAR BARU TRONOH (TAMAN TRONOH BARU),Tronoh,0,1,1,0,0,0,0,0,263000,0,190,0,Perak
0,TAMAN NAKHODA,Telok Panglima Garang,0,1,0,0,1,0,0,0,455000,0,324,0,Selangor
0,TAMAN ECO MEADOW,Simpang Ampat,0,1,0,0,1,0,0,0,815000,0,533,0,Penang
0,S2 HEIGHTS,Seremban 2,0,1,0,0,1,0,0,0,775800,0,464,0,Negeri Sembilan
0,SETIA ECO CASCADIA,Tebrau,0,1,0,0,1,0,0,0,814300,0,462,0,Johor
0,TAMAN MELOR JAYA,Gerisek,0,1,0,0,1,0,0,0,165000,0,100,0,Johor
0,BANDAR BARU KUNDANG,Rawang,0,1,1,0,0,0,0,0,642630,0,456,0,Selangor
0,BANDAR BARU SUNGAI UDANG,Sungai Udang,0,1,1,0,0,0,0,0,310000,0,193,0,Melaka
0,TAMAN ANGSANA,Kulim,0,1,0,0,1,0,0,0,297000,0,216,0,Kedah
0,TAMAN PENAGA MEWAH,Ampangan,0,1,0,0,1,0,0,0,487910,0,349,0,Negeri Sembilan
0,TAMAN PGBF FELDA PASOH 1,Simpang Pertang,0,1,1,0,0,0,0,0,90000,0,64,0,Negeri Sembilan
0,TAMAN IMPIAN ALMA,Bukit Mertajam,0,1,0,0,1,0,0,0,400000,0,268,0,Penang
0,USJ 3,Subang Jaya,0,1,0,0,1,0,0,0,765000,0,482,0,Selangor
0,TAMAN POKOK MANGGA,Balai Panjang,0,1,1,0,1,0,0,0,325000,0,201,0,Melaka
0,TAMAN PUTRA PRIMA,Puchong,0,1,0,0,1,0,0,0,780000,0,454,0,Selangor
0,TAMAN HILIR,Melaka City,0,1,0,0,1,0,0,0,430000,0,279,0,Melaka
0,TAMAN ARA BAYU,Nilai,0,1,0,0,1,0,0,0,378800,0,291,0,Negeri Sembilan
0,BANDAR PERDANA (TERES),Sungai Petani,0,1,0,0,1,0,0,0,271000,0,175,0,Kedah
0,MERLIN GARDEN,Kota Samarahan,0,1,1,0,0,0,0,0,571500,0,263,0,Sarawak
0,TAMAN SERI BAYU,Sungai Petani,0,1,0,0,1,0,0,0,200000,0,164,0,Kedah
0,TAMAN PANDAN JAYA,Ampang,0,1,1,0,0,0,0,0,530000,0,500,0,Selangor
0,TAMAN IPOH JAYA,Ipoh,0,1,1,0,0,0,0,0,234000,0,250,0,Perak
0,TAMAN BERSATU,Simpang Pulai,0,1,1,0,0,0,0,0,199000,0,204,0,Perak
0,TAMAN SRI GOMBAK,Batu Caves,0,1,0,0,1,0,0,0,450000,0,556,0,Selangor
0,SPRINGVILLE @VICTORIA COUNTRY,Sitiawan,0,1,0,0,1,0,0,0,435000,0,288,0,Perak
0,LAMAN SETIA,Iskandar Puteri (Nusajaya),0,1,0,0,1,0,0,0,650000,0,389,0,Johor
0,TAMAN AMANAH,Tanjong Duabelas,0,1,0,0,1,0,0,0,425000,0,278,0,Selangor
